burst_id,burst_ts_anchor,minute_offset,cum_pct_abs,cum_pct_signed,price_close,anchor_price,volume,is_zero_vol,is_rth_bar,in_stat_window
1,2026-02-02T18:45:00+00:00,0,0.0,0.0,74.79,74.79,4880342,False,True,True
1,2026-02-02T18:45:00+00:00,5,0.3075,-0.3075,74.56,74.79,106183,False,True,True
1,2026-02-02T18:45:00+00:00,10,0.1471,-0.1471,74.68,74.79,44421,False,True,True
1,2026-02-02T18:45:00+00:00,15,0.2246,-0.2246,74.622,74.79,65690,False,True,True
1,2026-02-02T18:45:00+00:00,20,0.2942,-0.2942,74.57,74.79,41514,False,True,True
1,2026-02-02T18:45:00+00:00,25,0.2006,-0.2006,74.64,74.79,26552,False,True,True
1,2026-02-02T18:45:00+00:00,30,0.0669,-0.0669,74.74,74.79,50039,False,True,True
1,2026-02-02T18:45:00+00:00,35,0.2674,0.2674,74.99,74.79,49541,False,True,False
1,2026-02-02T18:45:00+00:00,40,0.5883,0.5883,75.23,74.79,93102,False,True,False
1,2026-02-02T18:45:00+00:00,45,0.361,0.361,75.06,74.79,46905,False,True,False
1,2026-02-02T18:45:00+00:00,50,0.2407,0.2407,74.97,74.79,14876,False,True,False
1,2026-02-02T18:45:00+00:00,55,0.2139,0.2139,74.95,74.79,18391,False,True,False
1,2026-02-02T18:45:00+00:00,60,0.2273,0.2273,74.96,74.79,20576,False,True,False
1,2026-02-02T18:45:00+00:00,65,0.2942,0.2942,75.01,74.79,58716,False,True,False
1,2026-02-02T18:45:00+00:00,70,0.361,0.361,75.06,74.79,45716,False,True,False
1,2026-02-02T18:45:00+00:00,75,0.488,0.488,75.155,74.79,114779,False,True,False
1,2026-02-02T18:45:00+00:00,80,0.6017,0.6017,75.24,74.79,23777,False,True,False
1,2026-02-02T18:45:00+00:00,85,0.595,0.595,75.235,74.79,13718,False,True,False
1,2026-02-02T18:45:00+00:00,90,0.6017,0.6017,75.24,74.79,22342,False,True,False
1,2026-02-02T18:45:00+00:00,95,0.4145,0.4145,75.1,74.79,45868,False,True,False
1,2026-02-02T18:45:00+00:00,100,0.5482,0.5482,75.2,74.79,61496,False,True,False
1,2026-02-02T18:45:00+00:00,105,0.6141,0.6141,75.2493,74.79,30211,False,True,False
1,2026-02-02T18:45:00+00:00,110,0.5883,0.5883,75.23,74.79,25415,False,True,False
1,2026-02-02T18:45:00+00:00,115,0.5883,0.5883,75.23,74.79,43686,False,True,False
1,2026-02-02T18:45:00+00:00,120,0.6284,0.6284,75.26,74.79,43137,False,True,False
1,2026-02-02T18:45:00+00:00,125,0.6685,0.6685,75.29,74.79,105342,False,True,False
1,2026-02-02T18:45:00+00:00,130,0.722,0.722,75.33,74.79,296200,False,True,False
1,2026-02-02T18:45:00+00:00,135,0.7086,0.7086,75.32,74.79,0,True,False,False
1,2026-02-02T18:45:00+00:00,140,0.5764,0.5764,75.2211,74.79,0,True,False,False
1,2026-02-02T18:45:00+00:00,145,0.6284,0.6284,75.26,74.79,0,True,False,False
1,2026-02-02T18:45:00+00:00,150,0.5752,0.5752,75.2202,74.79,0,True,False,False
1,2026-02-02T18:45:00+00:00,155,0.6685,0.6685,75.29,74.79,0,True,False,False
1,2026-02-02T18:45:00+00:00,160,0.6953,0.6953,75.31,74.79,0,True,False,False
1,2026-02-02T18:45:00+00:00,165,0.6151,0.6151,75.25,74.79,0,True,False,False
1,2026-02-02T18:45:00+00:00,170,0.5883,0.5883,75.23,74.79,0,True,False,False
1,2026-02-02T18:45:00+00:00,175,0.6084,0.6084,75.245,74.79,0,True,False,False
1,2026-02-02T18:45:00+00:00,180,0.7488,0.7488,75.35,74.79,0,True,False,False
2,2026-02-02T18:45:00+00:00,0,0.0,0.0,74.79,74.79,4880342,False,True,True
2,2026-02-02T18:45:00+00:00,5,0.3075,-0.3075,74.56,74.79,106183,False,True,True
2,2026-02-02T18:45:00+00:00,10,0.1471,-0.1471,74.68,74.79,44421,False,True,True
2,2026-02-02T18:45:00+00:00,15,0.2246,-0.2246,74.622,74.79,65690,False,True,True
2,2026-02-02T18:45:00+00:00,20,0.2942,-0.2942,74.57,74.79,41514,False,True,True
2,2026-02-02T18:45:00+00:00,25,0.2006,-0.2006,74.64,74.79,26552,False,True,True
2,2026-02-02T18:45:00+00:00,30,0.0669,-0.0669,74.74,74.79,50039,False,True,True
2,2026-02-02T18:45:00+00:00,35,0.2674,0.2674,74.99,74.79,49541,False,True,False
2,2026-02-02T18:45:00+00:00,40,0.5883,0.5883,75.23,74.79,93102,False,True,False
2,2026-02-02T18:45:00+00:00,45,0.361,0.361,75.06,74.79,46905,False,True,False
2,2026-02-02T18:45:00+00:00,50,0.2407,0.2407,74.97,74.79,14876,False,True,False
2,2026-02-02T18:45:00+00:00,55,0.2139,0.2139,74.95,74.79,18391,False,True,False
2,2026-02-02T18:45:00+00:00,60,0.2273,0.2273,74.96,74.79,20576,False,True,False
2,2026-02-02T18:45:00+00:00,65,0.2942,0.2942,75.01,74.79,58716,False,True,False
2,2026-02-02T18:45:00+00:00,70,0.361,0.361,75.06,74.79,45716,False,True,False
2,2026-02-02T18:45:00+00:00,75,0.488,0.488,75.155,74.79,114779,False,True,False
2,2026-02-02T18:45:00+00:00,80,0.6017,0.6017,75.24,74.79,23777,False,True,False
2,2026-02-02T18:45:00+00:00,85,0.595,0.595,75.235,74.79,13718,False,True,False
2,2026-02-02T18:45:00+00:00,90,0.6017,0.6017,75.24,74.79,22342,False,True,False
2,2026-02-02T18:45:00+00:00,95,0.4145,0.4145,75.1,74.79,45868,False,True,False
2,2026-02-02T18:45:00+00:00,100,0.5482,0.5482,75.2,74.79,61496,False,True,False
2,2026-02-02T18:45:00+00:00,105,0.6141,0.6141,75.2493,74.79,30211,False,True,False
2,2026-02-02T18:45:00+00:00,110,0.5883,0.5883,75.23,74.79,25415,False,True,False
2,2026-02-02T18:45:00+00:00,115,0.5883,0.5883,75.23,74.79,43686,False,True,False
2,2026-02-02T18:45:00+00:00,120,0.6284,0.6284,75.26,74.79,43137,False,True,False
2,2026-02-02T18:45:00+00:00,125,0.6685,0.6685,75.29,74.79,105342,False,True,False
2,2026-02-02T18:45:00+00:00,130,0.722,0.722,75.33,74.79,296200,False,True,False
2,2026-02-02T18:45:00+00:00,135,0.7086,0.7086,75.32,74.79,0,True,False,False
2,2026-02-02T18:45:00+00:00,140,0.5764,0.5764,75.2211,74.79,0,True,False,False
2,2026-02-02T18:45:00+00:00,145,0.6284,0.6284,75.26,74.79,0,True,False,False
2,2026-02-02T18:45:00+00:00,150,0.5752,0.5752,75.2202,74.79,0,True,False,False
2,2026-02-02T18:45:00+00:00,155,0.6685,0.6685,75.29,74.79,0,True,False,False
2,2026-02-02T18:45:00+00:00,160,0.6953,0.6953,75.31,74.79,0,True,False,False
2,2026-02-02T18:45:00+00:00,165,0.6151,0.6151,75.25,74.79,0,True,False,False
2,2026-02-02T18:45:00+00:00,170,0.5883,0.5883,75.23,74.79,0,True,False,False
2,2026-02-02T18:45:00+00:00,175,0.6084,0.6084,75.245,74.79,0,True,False,False
2,2026-02-02T18:45:00+00:00,180,0.7488,0.7488,75.35,74.79,0,True,False,False
3,2026-02-02T18:45:00+00:00,0,0.0,0.0,74.79,74.79,4880342,False,True,True
3,2026-02-02T18:45:00+00:00,5,0.3075,-0.3075,74.56,74.79,106183,False,True,True
3,2026-02-02T18:45:00+00:00,10,0.1471,-0.1471,74.68,74.79,44421,False,True,True
3,2026-02-02T18:45:00+00:00,15,0.2246,-0.2246,74.622,74.79,65690,False,True,True
3,2026-02-02T18:45:00+00:00,20,0.2942,-0.2942,74.57,74.79,41514,False,True,True
3,2026-02-02T18:45:00+00:00,25,0.2006,-0.2006,74.64,74.79,26552,False,True,True
3,2026-02-02T18:45:00+00:00,30,0.0669,-0.0669,74.74,74.79,50039,False,True,True
3,2026-02-02T18:45:00+00:00,35,0.2674,0.2674,74.99,74.79,49541,False,True,False
3,2026-02-02T18:45:00+00:00,40,0.5883,0.5883,75.23,74.79,93102,False,True,False
3,2026-02-02T18:45:00+00:00,45,0.361,0.361,75.06,74.79,46905,False,True,False
3,2026-02-02T18:45:00+00:00,50,0.2407,0.2407,74.97,74.79,14876,False,True,False
3,2026-02-02T18:45:00+00:00,55,0.2139,0.2139,74.95,74.79,18391,False,True,False
3,2026-02-02T18:45:00+00:00,60,0.2273,0.2273,74.96,74.79,20576,False,True,False
3,2026-02-02T18:45:00+00:00,65,0.2942,0.2942,75.01,74.79,58716,False,True,False
3,2026-02-02T18:45:00+00:00,70,0.361,0.361,75.06,74.79,45716,False,True,False
3,2026-02-02T18:45:00+00:00,75,0.488,0.488,75.155,74.79,114779,False,True,False
3,2026-02-02T18:45:00+00:00,80,0.6017,0.6017,75.24,74.79,23777,False,True,False
3,2026-02-02T18:45:00+00:00,85,0.595,0.595,75.235,74.79,13718,False,True,False
3,2026-02-02T18:45:00+00:00,90,0.6017,0.6017,75.24,74.79,22342,False,True,False
3,2026-02-02T18:45:00+00:00,95,0.4145,0.4145,75.1,74.79,45868,False,True,False
3,2026-02-02T18:45:00+00:00,100,0.5482,0.5482,75.2,74.79,61496,False,True,False
3,2026-02-02T18:45:00+00:00,105,0.6141,0.6141,75.2493,74.79,30211,False,True,False
3,2026-02-02T18:45:00+00:00,110,0.5883,0.5883,75.23,74.79,25415,False,True,False
3,2026-02-02T18:45:00+00:00,115,0.5883,0.5883,75.23,74.79,43686,False,True,False
3,2026-02-02T18:45:00+00:00,120,0.6284,0.6284,75.26,74.79,43137,False,True,False
3,2026-02-02T18:45:00+00:00,125,0.6685,0.6685,75.29,74.79,105342,False,True,False
3,2026-02-02T18:45:00+00:00,130,0.722,0.722,75.33,74.79,296200,False,True,False
3,2026-02-02T18:45:00+00:00,135,0.7086,0.7086,75.32,74.79,0,True,False,False
3,2026-02-02T18:45:00+00:00,140,0.5764,0.5764,75.2211,74.79,0,True,False,False
3,2026-02-02T18:45:00+00:00,145,0.6284,0.6284,75.26,74.79,0,True,False,False
3,2026-02-02T18:45:00+00:00,150,0.5752,0.5752,75.2202,74.79,0,True,False,False
3,2026-02-02T18:45:00+00:00,155,0.6685,0.6685,75.29,74.79,0,True,False,False
3,2026-02-02T18:45:00+00:00,160,0.6953,0.6953,75.31,74.79,0,True,False,False
3,2026-02-02T18:45:00+00:00,165,0.6151,0.6151,75.25,74.79,0,True,False,False
3,2026-02-02T18:45:00+00:00,170,0.5883,0.5883,75.23,74.79,0,True,False,False
3,2026-02-02T18:45:00+00:00,175,0.6084,0.6084,75.245,74.79,0,True,False,False
3,2026-02-02T18:45:00+00:00,180,0.7488,0.7488,75.35,74.79,0,True,False,False
4,2026-02-04T15:35:00+00:00,-180,0.445,0.445,76.75,76.41,0,True,False,False
4,2026-02-04T15:35:00+00:00,-175,0.4581,0.4581,76.76,76.41,0,True,False,False
4,2026-02-04T15:35:00+00:00,-170,0.4973,0.4973,76.79,76.41,0,True,False,False
4,2026-02-04T15:35:00+00:00,-165,0.445,0.445,76.75,76.41,0,True,False,False
4,2026-02-04T15:35:00+00:00,-160,0.3272,0.3272,76.66,76.41,0,True,False,False
4,2026-02-04T15:35:00+00:00,-155,0.4057,0.4057,76.72,76.41,0,True,False,False
4,2026-02-04T15:35:00+00:00,-150,0.4581,0.4581,76.76,76.41,0,True,False,False
4,2026-02-04T15:35:00+00:00,-145,0.3664,0.3664,76.69,76.41,0,True,False,False
4,2026-02-04T15:35:00+00:00,-140,0.1603,0.1603,76.5325,76.41,0,True,False,False
4,2026-02-04T15:35:00+00:00,-135,0.301,0.301,76.64,76.41,0,True,False,False
4,2026-02-04T15:35:00+00:00,-130,0.2945,0.2945,76.635,76.41,0,True,False,False
4,2026-02-04T15:35:00+00:00,-125,0.1701,0.1701,76.54,76.41,0,True,False,False
4,2026-02-04T15:35:00+00:00,-120,0.0916,0.0916,76.48,76.41,0,True,False,False
4,2026-02-04T15:35:00+00:00,-115,0.0785,-0.0785,76.35,76.41,0,True,False,False
4,2026-02-04T15:35:00+00:00,-110,0.1178,-0.1178,76.32,76.41,0,True,False,False
4,2026-02-04T15:35:00+00:00,-105,0.1309,-0.1309,76.31,76.41,0,True,False,False
4,2026-02-04T15:35:00+00:00,-100,0.4057,-0.4057,76.1,76.41,0,True,False,False
4,2026-02-04T15:35:00+00:00,-95,0.3021,-0.3021,76.1792,76.41,0,True,False,False
4,2026-02-04T15:35:00+00:00,-90,0.2356,-0.2356,76.23,76.41,0,True,False,False
4,2026-02-04T15:35:00+00:00,-85,0.0654,0.0654,76.46,76.41,0,True,False,False
4,2026-02-04T15:35:00+00:00,-65,0.3664,0.3664,76.69,76.41,415724,False,True,False
4,2026-02-04T15:35:00+00:00,-60,0.2748,0.2748,76.62,76.41,84847,False,True,False
4,2026-02-04T15:35:00+00:00,-55,0.3926,0.3926,76.71,76.41,71919,False,True,False
4,2026-02-04T15:35:00+00:00,-50,0.5497,0.5497,76.83,76.41,150449,False,True,False
4,2026-02-04T15:35:00+00:00,-45,0.3861,0.3861,76.705,76.41,77824,False,True,False
4,2026-02-04T15:35:00+00:00,-40,0.157,0.157,76.53,76.41,63522,False,True,False
4,2026-02-04T15:35:00+00:00,-35,0.1309,0.1309,76.51,76.41,60385,False,True,False
4,2026-02-04T15:35:00+00:00,-30,0.3926,0.3926,76.71,76.41,41103,False,True,True
4,2026-02-04T15:35:00+00:00,-25,0.4188,0.4188,76.73,76.41,41764,False,True,True
4,2026-02-04T15:35:00+00:00,-20,0.4711,0.4711,76.77,76.41,35129,False,True,True
4,2026-02-04T15:35:00+00:00,-15,0.4747,0.4747,76.7727,76.41,274418,False,True,True
4,2026-02-04T15:35:00+00:00,-10,0.4581,0.4581,76.76,76.41,32356,False,True,True
4,2026-02-04T15:35:00+00:00,-5,0.1047,0.1047,76.49,76.41,102410,False,True,True
4,2026-02-04T15:35:00+00:00,0,0.0,0.0,76.41,76.41,64827,False,True,True
4,2026-02-04T15:35:00+00:00,5,0.3926,0.3926,76.71,76.41,60938,False,True,True
4,2026-02-04T15:35:00+00:00,10,0.2487,0.2487,76.6,76.41,46639,False,True,True
4,2026-02-04T15:35:00+00:00,15,0.445,0.445,76.75,76.41,30523,False,True,True
4,2026-02-04T15:35:00+00:00,20,0.2356,0.2356,76.59,76.41,45819,False,True,True
4,2026-02-04T15:35:00+00:00,25,0.0785,-0.0785,76.35,76.41,85829,False,True,True
4,2026-02-04T15:35:00+00:00,30,0.0654,0.0654,76.46,76.41,43774,False,True,True
4,2026-02-04T15:35:00+00:00,35,0.0393,-0.0393,76.38,76.41,114995,False,True,False
4,2026-02-04T15:35:00+00:00,40,0.1963,-0.1963,76.26,76.41,109386,False,True,False
4,2026-02-04T15:35:00+00:00,45,0.0916,-0.0916,76.34,76.41,34376,False,True,False
4,2026-02-04T15:35:00+00:00,50,0.0,0.0,76.41,76.41,44949,False,True,False
4,2026-02-04T15:35:00+00:00,55,0.2225,0.2225,76.58,76.41,45209,False,True,False
4,2026-02-04T15:35:00+00:00,60,0.2748,0.2748,76.62,76.41,64805,False,True,False
4,2026-02-04T15:35:00+00:00,65,0.157,0.157,76.53,76.41,39461,False,True,False
4,2026-02-04T15:35:00+00:00,70,0.2487,0.2487,76.6,76.41,39764,False,True,False
4,2026-02-04T15:35:00+00:00,75,0.5627,0.5627,76.84,76.41,39897,False,True,False
4,2026-02-04T15:35:00+00:00,80,0.6282,0.6282,76.89,76.41,21488,False,True,False
4,2026-02-04T15:35:00+00:00,85,0.7067,0.7067,76.95,76.41,35051,False,True,False
4,2026-02-04T15:35:00+00:00,90,0.7852,0.7852,77.01,76.41,25629,False,True,False
4,2026-02-04T15:35:00+00:00,95,0.7329,0.7329,76.97,76.41,20476,False,True,False
4,2026-02-04T15:35:00+00:00,100,0.6936,0.6936,76.94,76.41,27351,False,True,False
4,2026-02-04T15:35:00+00:00,105,0.6936,0.6936,76.94,76.41,16110,False,True,False
4,2026-02-04T15:35:00+00:00,110,2.4342,2.4342,78.27,76.41,1893999,False,True,False
4,2026-02-04T15:35:00+00:00,115,3.1017,3.1017,78.78,76.41,1754783,False,True,False
4,2026-02-04T15:35:00+00:00,120,3.5859,3.5859,79.15,76.41,600380,False,True,False
4,2026-02-04T15:35:00+00:00,125,2.8399,2.8399,78.58,76.41,407392,False,True,False
4,2026-02-04T15:35:00+00:00,130,2.6175,2.6175,78.41,76.41,718673,False,True,False
4,2026-02-04T15:35:00+00:00,135,2.8399,2.8399,78.58,76.41,110547,False,True,False
4,2026-02-04T15:35:00+00:00,140,3.0886,3.0886,78.77,76.41,70781,False,True,False
4,2026-02-04T15:35:00+00:00,145,3.0428,3.0428,78.735,76.41,90362,False,True,False
4,2026-02-04T15:35:00+00:00,150,3.0363,3.0363,78.73,76.41,83065,False,True,False
4,2026-02-04T15:35:00+00:00,155,3.0101,3.0101,78.71,76.41,60774,False,True,False
4,2026-02-04T15:35:00+00:00,160,2.7876,2.7876,78.54,76.41,83342,False,True,False
4,2026-02-04T15:35:00+00:00,165,3.0493,3.0493,78.74,76.41,48462,False,True,False
4,2026-02-04T15:35:00+00:00,170,3.2849,3.2849,78.92,76.41,100681,False,True,False
4,2026-02-04T15:35:00+00:00,175,3.37,3.37,78.985,76.41,118593,False,True,False
4,2026-02-04T15:35:00+00:00,180,3.3242,3.3242,78.95,76.41,104673,False,True,False
5,2026-02-10T23:50:00+00:00,-180,0.1283,-0.1283,77.86,77.96,591828,False,True,False
5,2026-02-10T23:50:00+00:00,-175,0.0641,0.0641,78.01,77.96,1207163,False,True,False
5,2026-02-10T23:50:00+00:00,-170,0.0385,0.0385,77.99,77.96,0,True,False,False
5,2026-02-10T23:50:00+00:00,-165,0.0898,-0.0898,77.89,77.96,0,True,False,False
5,2026-02-10T23:50:00+00:00,-160,0.1026,-0.1026,77.88,77.96,0,True,False,False
5,2026-02-10T23:50:00+00:00,-155,0.1411,-0.1411,77.85,77.96,0,True,False,False
5,2026-02-10T23:50:00+00:00,-150,0.1366,-0.1366,77.8535,77.96,0,True,False,False
5,2026-02-10T23:50:00+00:00,-145,0.1603,-0.1603,77.835,77.96,0,True,False,False
5,2026-02-10T23:50:00+00:00,-140,0.077,-0.077,77.9,77.96,0,True,False,False
5,2026-02-10T23:50:00+00:00,-135,0.0962,-0.0962,77.885,77.96,0,True,False,False
5,2026-02-10T23:50:00+00:00,-130,0.0641,-0.0641,77.91,77.96,0,True,False,False
5,2026-02-10T23:50:00+00:00,-125,0.0384,-0.0384,77.9301,77.96,0,True,False,False
5,2026-02-10T23:50:00+00:00,-120,0.0898,-0.0898,77.89,77.96,0,True,False,False
5,2026-02-10T23:50:00+00:00,-115,0.2181,-0.2181,77.79,77.96,0,True,False,False
5,2026-02-10T23:50:00+00:00,-110,0.077,-0.077,77.9,77.96,0,True,False,False
5,2026-02-10T23:50:00+00:00,-105,0.4425,-0.4425,77.615,77.96,0,True,False,False
5,2026-02-10T23:50:00+00:00,-95,0.0513,-0.0513,77.92,77.96,0,True,False,False
5,2026-02-10T23:50:00+00:00,-90,0.1411,-0.1411,77.85,77.96,0,True,False,False
5,2026-02-10T23:50:00+00:00,-85,0.3976,-0.3976,77.65,77.96,0,True,False,False
5,2026-02-10T23:50:00+00:00,-70,0.744,-0.744,77.38,77.96,0,True,False,False
5,2026-02-10T23:50:00+00:00,-65,0.0513,-0.0513,77.92,77.96,0,True,False,False
5,2026-02-10T23:50:00+00:00,-60,0.3976,-0.3976,77.65,77.96,0,True,False,False
5,2026-02-10T23:50:00+00:00,-50,0.0921,0.0921,78.0318,77.96,0,True,False,False
5,2026-02-10T23:50:00+00:00,-45,0.0449,-0.0449,77.925,77.96,0,True,False,False
5,2026-02-10T23:50:00+00:00,-40,0.0513,-0.0513,77.92,77.96,0,True,False,False
5,2026-02-10T23:50:00+00:00,-35,0.0898,0.0898,78.03,77.96,0,True,False,False
5,2026-02-10T23:50:00+00:00,-30,0.0513,-0.0513,77.92,77.96,0,True,False,True
5,2026-02-10T23:50:00+00:00,-20,0.1154,0.1154,78.05,77.96,0,True,False,True
5,2026-02-10T23:50:00+00:00,-15,0.0513,-0.0513,77.92,77.96,0,True,False,True
5,2026-02-10T23:50:00+00:00,-10,0.1154,0.1154,78.05,77.96,0,True,False,True
5,2026-02-10T23:50:00+00:00,-5,0.0128,-0.0128,77.95,77.96,0,True,False,True
5,2026-02-10T23:50:00+00:00,0,0.0,0.0,77.96,77.96,0,True,False,True
5,2026-02-10T23:50:00+00:00,5,0.1154,0.1154,78.05,77.96,0,True,False,True
6,2026-02-17T09:00:00+00:00,0,0.0,0.0,76.62,76.62,0,True,False,True
6,2026-02-17T09:00:00+00:00,5,0.1566,-0.1566,76.5,76.62,0,True,False,True
6,2026-02-17T09:00:00+00:00,10,0.0783,-0.0783,76.56,76.62,0,True,False,True
6,2026-02-17T09:00:00+00:00,15,0.0131,0.0131,76.63,76.62,0,True,False,True
6,2026-02-17T09:00:00+00:00,20,0.1697,0.1697,76.75,76.62,0,True,False,True
6,2026-02-17T09:00:00+00:00,25,0.2219,0.2219,76.79,76.62,0,True,False,True
6,2026-02-17T09:00:00+00:00,30,0.0261,0.0261,76.64,76.62,0,True,False,True
6,2026-02-17T09:00:00+00:00,35,0.0131,0.0131,76.63,76.62,0,True,False,False
6,2026-02-17T09:00:00+00:00,40,0.0783,-0.0783,76.56,76.62,0,True,False,False
6,2026-02-17T09:00:00+00:00,45,0.1175,0.1175,76.71,76.62,0,True,False,False
6,2026-02-17T09:00:00+00:00,50,0.248,0.248,76.81,76.62,0,True,False,False
6,2026-02-17T09:00:00+00:00,55,0.2349,0.2349,76.8,76.62,0,True,False,False
6,2026-02-17T09:00:00+00:00,60,0.509,0.509,77.01,76.62,0,True,False,False
6,2026-02-17T09:00:00+00:00,65,0.5612,0.5612,77.05,76.62,0,True,False,False
6,2026-02-17T09:00:00+00:00,70,0.5351,0.5351,77.03,76.62,0,True,False,False
6,2026-02-17T09:00:00+00:00,75,0.4568,0.4568,76.97,76.62,0,True,False,False
6,2026-02-17T09:00:00+00:00,80,0.5221,0.5221,77.02,76.62,0,True,False,False
6,2026-02-17T09:00:00+00:00,85,0.4437,0.4437,76.96,76.62,0,True,False,False
6,2026-02-17T09:00:00+00:00,90,0.6265,0.6265,77.1,76.62,0,True,False,False
6,2026-02-17T09:00:00+00:00,95,0.757,0.757,77.2,76.62,0,True,False,False
6,2026-02-17T09:00:00+00:00,100,0.7831,0.7831,77.22,76.62,0,True,False,False
6,2026-02-17T09:00:00+00:00,105,0.8222,0.8222,77.25,76.62,0,True,False,False
6,2026-02-17T09:00:00+00:00,110,0.77,0.77,77.21,76.62,0,True,False,False
6,2026-02-17T09:00:00+00:00,115,0.8353,0.8353,77.26,76.62,0,True,False,False
6,2026-02-17T09:00:00+00:00,120,0.9005,0.9005,77.31,76.62,0,True,False,False
6,2026-02-17T09:00:00+00:00,125,1.2138,1.2138,77.55,76.62,0,True,False,False
6,2026-02-17T09:00:00+00:00,130,1.2399,1.2399,77.57,76.62,0,True,False,False
6,2026-02-17T09:00:00+00:00,135,1.1616,1.1616,77.51,76.62,0,True,False,False
6,2026-02-17T09:00:00+00:00,140,1.1616,1.1616,77.51,76.62,0,True,False,False
6,2026-02-17T09:00:00+00:00,145,1.1355,1.1355,77.49,76.62,0,True,False,False
6,2026-02-17T09:00:00+00:00,150,1.3573,1.3573,77.66,76.62,0,True,False,False
6,2026-02-17T09:00:00+00:00,155,1.5401,1.5401,77.8,76.62,0,True,False,False
6,2026-02-17T09:00:00+00:00,160,1.5009,1.5009,77.77,76.62,0,True,False,False
6,2026-02-17T09:00:00+00:00,165,1.5531,1.5531,77.81,76.62,0,True,False,False
6,2026-02-17T09:00:00+00:00,170,1.4879,1.4879,77.76,76.62,0,True,False,False
6,2026-02-17T09:00:00+00:00,175,1.1224,1.1224,77.48,76.62,0,True,False,False
6,2026-02-17T09:00:00+00:00,180,1.2268,1.2268,77.56,76.62,0,True,False,False
7,2026-02-17T09:00:00+00:00,0,0.0,0.0,76.62,76.62,0,True,False,True
7,2026-02-17T09:00:00+00:00,5,0.1566,-0.1566,76.5,76.62,0,True,False,True
7,2026-02-17T09:00:00+00:00,10,0.0783,-0.0783,76.56,76.62,0,True,False,True
7,2026-02-17T09:00:00+00:00,15,0.0131,0.0131,76.63,76.62,0,True,False,True
7,2026-02-17T09:00:00+00:00,20,0.1697,0.1697,76.75,76.62,0,True,False,True
7,2026-02-17T09:00:00+00:00,25,0.2219,0.2219,76.79,76.62,0,True,False,True
7,2026-02-17T09:00:00+00:00,30,0.0261,0.0261,76.64,76.62,0,True,False,True
7,2026-02-17T09:00:00+00:00,35,0.0131,0.0131,76.63,76.62,0,True,False,False
7,2026-02-17T09:00:00+00:00,40,0.0783,-0.0783,76.56,76.62,0,True,False,False
7,2026-02-17T09:00:00+00:00,45,0.1175,0.1175,76.71,76.62,0,True,False,False
7,2026-02-17T09:00:00+00:00,50,0.248,0.248,76.81,76.62,0,True,False,False
7,2026-02-17T09:00:00+00:00,55,0.2349,0.2349,76.8,76.62,0,True,False,False
7,2026-02-17T09:00:00+00:00,60,0.509,0.509,77.01,76.62,0,True,False,False
7,2026-02-17T09:00:00+00:00,65,0.5612,0.5612,77.05,76.62,0,True,False,False
7,2026-02-17T09:00:00+00:00,70,0.5351,0.5351,77.03,76.62,0,True,False,False
7,2026-02-17T09:00:00+00:00,75,0.4568,0.4568,76.97,76.62,0,True,False,False
7,2026-02-17T09:00:00+00:00,80,0.5221,0.5221,77.02,76.62,0,True,False,False
7,2026-02-17T09:00:00+00:00,85,0.4437,0.4437,76.96,76.62,0,True,False,False
7,2026-02-17T09:00:00+00:00,90,0.6265,0.6265,77.1,76.62,0,True,False,False
7,2026-02-17T09:00:00+00:00,95,0.757,0.757,77.2,76.62,0,True,False,False
7,2026-02-17T09:00:00+00:00,100,0.7831,0.7831,77.22,76.62,0,True,False,False
7,2026-02-17T09:00:00+00:00,105,0.8222,0.8222,77.25,76.62,0,True,False,False
7,2026-02-17T09:00:00+00:00,110,0.77,0.77,77.21,76.62,0,True,False,False
7,2026-02-17T09:00:00+00:00,115,0.8353,0.8353,77.26,76.62,0,True,False,False
7,2026-02-17T09:00:00+00:00,120,0.9005,0.9005,77.31,76.62,0,True,False,False
7,2026-02-17T09:00:00+00:00,125,1.2138,1.2138,77.55,76.62,0,True,False,False
7,2026-02-17T09:00:00+00:00,130,1.2399,1.2399,77.57,76.62,0,True,False,False
7,2026-02-17T09:00:00+00:00,135,1.1616,1.1616,77.51,76.62,0,True,False,False
7,2026-02-17T09:00:00+00:00,140,1.1616,1.1616,77.51,76.62,0,True,False,False
7,2026-02-17T09:00:00+00:00,145,1.1355,1.1355,77.49,76.62,0,True,False,False
7,2026-02-17T09:00:00+00:00,150,1.3573,1.3573,77.66,76.62,0,True,False,False
7,2026-02-17T09:00:00+00:00,155,1.5401,1.5401,77.8,76.62,0,True,False,False
7,2026-02-17T09:00:00+00:00,160,1.5009,1.5009,77.77,76.62,0,True,False,False
7,2026-02-17T09:00:00+00:00,165,1.5531,1.5531,77.81,76.62,0,True,False,False
7,2026-02-17T09:00:00+00:00,170,1.4879,1.4879,77.76,76.62,0,True,False,False
7,2026-02-17T09:00:00+00:00,175,1.1224,1.1224,77.48,76.62,0,True,False,False
7,2026-02-17T09:00:00+00:00,180,1.2268,1.2268,77.56,76.62,0,True,False,False
8,2026-02-17T15:00:00+00:00,-180,1.865,1.865,77.56,76.14,0,True,False,False
8,2026-02-17T15:00:00+00:00,-175,1.7468,1.7468,77.47,76.14,0,True,False,False
8,2026-02-17T15:00:00+00:00,-170,1.7205,1.7205,77.45,76.14,0,True,False,False
8,2026-02-17T15:00:00+00:00,-165,1.7468,1.7468,77.47,76.14,0,True,False,False
8,2026-02-17T15:00:00+00:00,-160,1.7731,1.7731,77.49,76.14,0,True,False,False
8,2026-02-17T15:00:00+00:00,-155,1.8387,1.8387,77.54,76.14,0,True,False,False
8,2026-02-17T15:00:00+00:00,-150,1.6417,1.6417,77.39,76.14,0,True,False,False
8,2026-02-17T15:00:00+00:00,-145,1.7731,1.7731,77.49,76.14,0,True,False,False
8,2026-02-17T15:00:00+00:00,-140,1.7993,1.7993,77.51,76.14,0,True,False,False
8,2026-02-17T15:00:00+00:00,-135,1.668,1.668,77.41,76.14,0,True,False,False
8,2026-02-17T15:00:00+00:00,-130,1.5366,1.5366,77.31,76.14,0,True,False,False
8,2026-02-17T15:00:00+00:00,-125,1.379,1.379,77.19,76.14,0,True,False,False
8,2026-02-17T15:00:00+00:00,-120,1.4578,1.4578,77.25,76.14,0,True,False,False
8,2026-02-17T15:00:00+00:00,-115,1.247,1.247,77.0895,76.14,0,True,False,False
8,2026-02-17T15:00:00+00:00,-110,1.2486,1.2486,77.0907,76.14,0,True,False,False
8,2026-02-17T15:00:00+00:00,-105,1.3528,1.3528,77.17,76.14,0,True,False,False
8,2026-02-17T15:00:00+00:00,-100,1.0244,1.0244,76.92,76.14,0,True,False,False
8,2026-02-17T15:00:00+00:00,-95,1.1689,1.1689,77.03,76.14,0,True,False,False
8,2026-02-17T15:00:00+00:00,-90,1.1229,1.1229,76.995,76.14,0,True,False,False
8,2026-02-17T15:00:00+00:00,-85,0.918,0.918,76.839,76.14,0,True,False,False
8,2026-02-17T15:00:00+00:00,-80,1.2561,1.2561,77.0964,76.14,0,True,False,False
8,2026-02-17T15:00:00+00:00,-75,1.2607,1.2607,77.0999,76.14,0,True,False,False
8,2026-02-17T15:00:00+00:00,-70,0.1313,-0.1313,76.04,76.14,0,True,False,False
8,2026-02-17T15:00:00+00:00,-65,0.3563,-0.3563,75.8687,76.14,0,True,False,False
8,2026-02-17T15:00:00+00:00,-60,0.0263,0.0263,76.16,76.14,0,True,False,False
8,2026-02-17T15:00:00+00:00,-55,0.0667,-0.0667,76.0892,76.14,0,True,False,False
8,2026-02-17T15:00:00+00:00,-50,0.2242,0.2242,76.3107,76.14,0,True,False,False
8,2026-02-17T15:00:00+00:00,-30,0.1313,0.1313,76.24,76.14,2150621,False,True,True
8,2026-02-17T15:00:00+00:00,-25,0.394,0.394,76.44,76.14,164657,False,True,True
8,2026-02-17T15:00:00+00:00,-20,0.1576,0.1576,76.26,76.14,142557,False,True,True
8,2026-02-17T15:00:00+00:00,-15,0.1182,-0.1182,76.05,76.14,157520,False,True,True
8,2026-02-17T15:00:00+00:00,-10,0.1707,-0.1707,76.01,76.14,124546,False,True,True
8,2026-02-17T15:00:00+00:00,-5,0.3152,-0.3152,75.9,76.14,90007,False,True,True
8,2026-02-17T15:00:00+00:00,0,0.0,0.0,76.14,76.14,116464,False,True,True
8,2026-02-17T15:00:00+00:00,5,0.0394,0.0394,76.17,76.14,195623,False,True,True
8,2026-02-17T15:00:00+00:00,10,0.1839,-0.1839,76.0,76.14,486927,False,True,True
8,2026-02-17T15:00:00+00:00,15,0.4794,-0.4794,75.775,76.14,141229,False,True,True
8,2026-02-17T15:00:00+00:00,20,0.5188,-0.5188,75.745,76.14,95147,False,True,True
8,2026-02-17T15:00:00+00:00,25,0.9456,-0.9456,75.42,76.14,139054,False,True,True
8,2026-02-17T15:00:00+00:00,30,0.9325,-0.9325,75.43,76.14,98828,False,True,True
8,2026-02-17T15:00:00+00:00,35,1.0901,-1.0901,75.31,76.14,160578,False,True,False
8,2026-02-17T15:00:00+00:00,40,1.1164,-1.1164,75.29,76.14,119519,False,True,False
8,2026-02-17T15:00:00+00:00,45,1.077,-1.077,75.32,76.14,125604,False,True,False
8,2026-02-17T15:00:00+00:00,50,1.1558,-1.1558,75.26,76.14,97853,False,True,False
8,2026-02-17T15:00:00+00:00,55,1.0113,-1.0113,75.37,76.14,86843,False,True,False
8,2026-02-17T15:00:00+00:00,60,0.88,-0.88,75.47,76.14,107240,False,True,False
8,2026-02-17T15:00:00+00:00,65,0.7749,-0.7749,75.55,76.14,116627,False,True,False
8,2026-02-17T15:00:00+00:00,70,0.7683,-0.7683,75.555,76.14,188791,False,True,False
8,2026-02-17T15:00:00+00:00,75,0.6041,-0.6041,75.68,76.14,231182,False,True,False
8,2026-02-17T15:00:00+00:00,80,0.6041,-0.6041,75.68,76.14,76231,False,True,False
8,2026-02-17T15:00:00+00:00,85,0.6567,-0.6567,75.64,76.14,92458,False,True,False
8,2026-02-17T15:00:00+00:00,90,0.6041,-0.6041,75.68,76.14,64248,False,True,False
8,2026-02-17T15:00:00+00:00,95,0.8143,-0.8143,75.52,76.14,61533,False,True,False
8,2026-02-17T15:00:00+00:00,100,0.8603,-0.8603,75.485,76.14,48188,False,True,False
8,2026-02-17T15:00:00+00:00,105,0.6961,-0.6961,75.61,76.14,79509,False,True,False
8,2026-02-17T15:00:00+00:00,110,0.486,-0.486,75.77,76.14,56982,False,True,False
8,2026-02-17T15:00:00+00:00,115,0.4728,-0.4728,75.78,76.14,89073,False,True,False
8,2026-02-17T15:00:00+00:00,120,0.7355,-0.7355,75.58,76.14,37968,False,True,False
8,2026-02-17T15:00:00+00:00,125,0.9456,-0.9456,75.42,76.14,42281,False,True,False
8,2026-02-17T15:00:00+00:00,130,0.88,-0.88,75.47,76.14,37313,False,True,False
8,2026-02-17T15:00:00+00:00,135,1.0638,-1.0638,75.33,76.14,70299,False,True,False
8,2026-02-17T15:00:00+00:00,140,1.0244,-1.0244,75.36,76.14,55061,False,True,False
8,2026-02-17T15:00:00+00:00,145,0.8012,-0.8012,75.53,76.14,41820,False,True,False
8,2026-02-17T15:00:00+00:00,150,0.8274,-0.8274,75.51,76.14,131998,False,True,False
8,2026-02-17T15:00:00+00:00,155,0.7618,-0.7618,75.56,76.14,51816,False,True,False
8,2026-02-17T15:00:00+00:00,160,0.7421,-0.7421,75.575,76.14,228521,False,True,False
8,2026-02-17T15:00:00+00:00,165,0.7224,-0.7224,75.59,76.14,40641,False,True,False
8,2026-02-17T15:00:00+00:00,170,0.8012,-0.8012,75.53,76.14,44270,False,True,False
8,2026-02-17T15:00:00+00:00,175,0.7224,-0.7224,75.59,76.14,40649,False,True,False
8,2026-02-17T15:00:00+00:00,180,0.6041,-0.6041,75.68,76.14,44296,False,True,False
9,2026-02-19T09:00:00+00:00,0,0.0,0.0,80.53,80.53,0,True,False,True
9,2026-02-19T09:00:00+00:00,5,0.1614,-0.1614,80.4,80.53,0,True,False,True
9,2026-02-19T09:00:00+00:00,10,0.1863,-0.1863,80.38,80.53,0,True,False,True
9,2026-02-19T09:00:00+00:00,15,0.3725,-0.3725,80.23,80.53,0,True,False,True
9,2026-02-19T09:00:00+00:00,20,0.534,-0.534,80.1,80.53,0,True,False,True
9,2026-02-19T09:00:00+00:00,25,0.6706,-0.6706,79.99,80.53,0,True,False,True
9,2026-02-19T09:00:00+00:00,30,0.5588,-0.5588,80.08,80.53,0,True,False,True
9,2026-02-19T09:00:00+00:00,35,0.4719,-0.4719,80.15,80.53,0,True,False,False
9,2026-02-19T09:00:00+00:00,40,0.6581,-0.6581,80.0,80.53,0,True,False,False
9,2026-02-19T09:00:00+00:00,45,0.6457,-0.6457,80.01,80.53,0,True,False,False
9,2026-02-19T09:00:00+00:00,50,0.6333,-0.6333,80.02,80.53,0,True,False,False
9,2026-02-19T09:00:00+00:00,55,0.5588,-0.5588,80.08,80.53,0,True,False,False
9,2026-02-19T09:00:00+00:00,60,0.5961,-0.5961,80.05,80.53,0,True,False,False
9,2026-02-19T09:00:00+00:00,65,0.4346,-0.4346,80.18,80.53,0,True,False,False
9,2026-02-19T09:00:00+00:00,70,0.2608,-0.2608,80.32,80.53,0,True,False,False
9,2026-02-19T09:00:00+00:00,75,0.534,-0.534,80.1,80.53,0,True,False,False
9,2026-02-19T09:00:00+00:00,80,0.5464,-0.5464,80.09,80.53,0,True,False,False
9,2026-02-19T09:00:00+00:00,85,0.6581,-0.6581,80.0,80.53,0,True,False,False
9,2026-02-19T09:00:00+00:00,90,0.6085,-0.6085,80.04,80.53,0,True,False,False
9,2026-02-19T09:00:00+00:00,95,0.4719,-0.4719,80.15,80.53,0,True,False,False
9,2026-02-19T09:00:00+00:00,100,0.4346,-0.4346,80.18,80.53,0,True,False,False
9,2026-02-19T09:00:00+00:00,105,0.2608,-0.2608,80.32,80.53,0,True,False,False
9,2026-02-19T09:00:00+00:00,110,0.2235,-0.2235,80.35,80.53,0,True,False,False
9,2026-02-19T09:00:00+00:00,115,0.2732,-0.2732,80.31,80.53,0,True,False,False
9,2026-02-19T09:00:00+00:00,120,0.3601,-0.3601,80.24,80.53,0,True,False,False
9,2026-02-19T09:00:00+00:00,125,0.4098,-0.4098,80.2,80.53,0,True,False,False
9,2026-02-19T09:00:00+00:00,130,0.3353,-0.3353,80.26,80.53,0,True,False,False
9,2026-02-19T09:00:00+00:00,135,0.3477,-0.3477,80.25,80.53,0,True,False,False
9,2026-02-19T09:00:00+00:00,140,0.447,-0.447,80.17,80.53,0,True,False,False
9,2026-02-19T09:00:00+00:00,145,0.2856,-0.2856,80.3,80.53,0,True,False,False
9,2026-02-19T09:00:00+00:00,150,0.0497,-0.0497,80.49,80.53,0,True,False,False
9,2026-02-19T09:00:00+00:00,155,0.0124,-0.0124,80.52,80.53,0,True,False,False
9,2026-02-19T09:00:00+00:00,160,0.0621,0.0621,80.58,80.53,0,True,False,False
9,2026-02-19T09:00:00+00:00,165,0.0,0.0,80.53,80.53,0,True,False,False
9,2026-02-19T09:00:00+00:00,170,0.0745,-0.0745,80.47,80.53,0,True,False,False
9,2026-02-19T09:00:00+00:00,175,0.2235,-0.2235,80.35,80.53,0,True,False,False
9,2026-02-19T09:00:00+00:00,180,0.1738,-0.1738,80.39,80.53,0,True,False,False
10,2026-03-03T22:00:00+00:00,-180,0.4918,-0.4918,90.82,91.2689,379852,False,True,False
10,2026-03-03T22:00:00+00:00,-175,0.3385,-0.3385,90.96,91.2689,370662,False,True,False
10,2026-03-03T22:00:00+00:00,-170,0.5795,-0.5795,90.74,91.2689,291115,False,True,False
10,2026-03-03T22:00:00+00:00,-165,0.7438,-0.7438,90.59,91.2689,267947,False,True,False
10,2026-03-03T22:00:00+00:00,-160,0.9356,-0.9356,90.415,91.2689,333086,False,True,False
10,2026-03-03T22:00:00+00:00,-155,0.5576,-0.5576,90.76,91.2689,294241,False,True,False
10,2026-03-03T22:00:00+00:00,-150,0.3385,-0.3385,90.96,91.2689,179658,False,True,False
10,2026-03-03T22:00:00+00:00,-145,2.2668,-2.2668,89.2,91.2689,3123213,False,True,False
10,2026-03-03T22:00:00+00:00,-140,3.7131,-3.7131,87.88,91.2689,2407548,False,True,False
10,2026-03-03T22:00:00+00:00,-135,2.968,-2.968,88.56,91.2689,2018281,False,True,False
10,2026-03-03T22:00:00+00:00,-130,2.3983,-2.3983,89.08,91.2689,830848,False,True,False
10,2026-03-03T22:00:00+00:00,-125,1.8614,-1.8614,89.57,91.2689,572219,False,True,False
10,2026-03-03T22:00:00+00:00,-120,1.6642,-1.6642,89.75,91.2689,567577,False,True,False
10,2026-03-03T22:00:00+00:00,-115,2.4093,-2.4093,89.07,91.2689,483789,False,True,False
10,2026-03-03T22:00:00+00:00,-110,2.1792,-2.1792,89.28,91.2689,296435,False,True,False
10,2026-03-03T22:00:00+00:00,-105,2.0696,-2.0696,89.38,91.2689,267923,False,True,False
10,2026-03-03T22:00:00+00:00,-100,2.3545,-2.3545,89.12,91.2689,242843,False,True,False
10,2026-03-03T22:00:00+00:00,-95,2.0696,-2.0696,89.38,91.2689,224150,False,True,False
10,2026-03-03T22:00:00+00:00,-90,1.6423,-1.6423,89.77,91.2689,295955,False,True,False
10,2026-03-03T22:00:00+00:00,-85,1.3574,-1.3574,90.03,91.2689,338563,False,True,False
10,2026-03-03T22:00:00+00:00,-80,1.6642,-1.6642,89.75,91.2689,224008,False,True,False
10,2026-03-03T22:00:00+00:00,-75,1.4999,-1.4999,89.9,91.2689,224633,False,True,False
10,2026-03-03T22:00:00+00:00,-70,1.6313,-1.6313,89.78,91.2689,222435,False,True,False
10,2026-03-03T22:00:00+00:00,-65,1.1931,-1.1931,90.18,91.2689,492569,False,True,False
10,2026-03-03T22:00:00+00:00,-60,1.0178,-1.0178,90.34,91.2689,0,True,False,False
10,2026-03-03T22:00:00+00:00,-55,0.5795,-0.5795,90.74,91.2689,0,True,False,False
10,2026-03-03T22:00:00+00:00,-50,0.4042,-0.4042,90.9,91.2689,0,True,False,False
10,2026-03-03T22:00:00+00:00,-45,0.5258,-0.5258,90.789,91.2689,0,True,False,False
10,2026-03-03T22:00:00+00:00,-40,0.6124,-0.6124,90.71,91.2689,0,True,False,False
10,2026-03-03T22:00:00+00:00,-35,0.4371,-0.4371,90.87,91.2689,0,True,False,False
10,2026-03-03T22:00:00+00:00,-30,0.3987,-0.3987,90.905,91.2689,0,True,False,True
10,2026-03-03T22:00:00+00:00,-25,0.4486,-0.4486,90.8595,91.2689,0,True,False,True
10,2026-03-03T22:00:00+00:00,-20,0.1851,-0.1851,91.1,91.2689,0,True,False,True
10,2026-03-03T22:00:00+00:00,-15,0.0669,0.0669,91.33,91.2689,0,True,False,True
10,2026-03-03T22:00:00+00:00,-10,0.2546,-0.2546,91.0365,91.2689,0,True,False,True
10,2026-03-03T22:00:00+00:00,-5,0.196,-0.196,91.09,91.2689,0,True,False,True
10,2026-03-03T22:00:00+00:00,0,0.0,0.0,91.2689,91.2689,0,True,False,True
10,2026-03-03T22:00:00+00:00,5,0.1303,-0.1303,91.15,91.2689,0,True,False,True
10,2026-03-03T22:00:00+00:00,10,0.0231,0.0231,91.29,91.2689,0,True,False,True
10,2026-03-03T22:00:00+00:00,15,0.3604,-0.3604,90.94,91.2689,0,True,False,True
10,2026-03-03T22:00:00+00:00,20,0.102,-0.102,91.1758,91.2689,0,True,False,True
10,2026-03-03T22:00:00+00:00,25,0.1193,-0.1193,91.16,91.2689,0,True,False,True
10,2026-03-03T22:00:00+00:00,30,0.2015,-0.2015,91.085,91.2689,0,True,False,True
10,2026-03-03T22:00:00+00:00,35,0.2289,-0.2289,91.06,91.2689,0,True,False,False
10,2026-03-03T22:00:00+00:00,40,0.1851,-0.1851,91.1,91.2689,0,True,False,False
10,2026-03-03T22:00:00+00:00,45,0.129,-0.129,91.1512,91.2689,0,True,False,False
10,2026-03-03T22:00:00+00:00,50,0.1018,-0.1018,91.176,91.2689,0,True,False,False
10,2026-03-03T22:00:00+00:00,55,0.0755,-0.0755,91.2,91.2689,0,True,False,False
10,2026-03-03T22:00:00+00:00,60,0.459,-0.459,90.85,91.2689,0,True,False,False
10,2026-03-03T22:00:00+00:00,65,0.3943,-0.3943,90.909,91.2689,0,True,False,False
10,2026-03-03T22:00:00+00:00,70,0.2398,-0.2398,91.05,91.2689,0,True,False,False
10,2026-03-03T22:00:00+00:00,75,0.0207,-0.0207,91.25,91.2689,0,True,False,False
10,2026-03-03T22:00:00+00:00,80,0.1875,0.1875,91.44,91.2689,0,True,False,False
10,2026-03-03T22:00:00+00:00,85,0.3069,0.3069,91.549,91.2689,0,True,False,False
10,2026-03-03T22:00:00+00:00,90,0.3409,0.3409,91.58,91.2689,0,True,False,False
10,2026-03-03T22:00:00+00:00,95,0.4066,0.4066,91.64,91.2689,0,True,False,False
10,2026-03-03T22:00:00+00:00,100,0.2916,0.2916,91.535,91.2689,0,True,False,False
10,2026-03-03T22:00:00+00:00,105,0.5271,0.5271,91.75,91.2689,0,True,False,False
10,2026-03-03T22:00:00+00:00,110,0.4526,0.4526,91.682,91.2689,0,True,False,False
10,2026-03-03T22:00:00+00:00,115,0.7024,0.7024,91.91,91.2689,0,True,False,False
11,2026-03-10T08:00:00+00:00,0,0.0,0.0,104.53,104.53,0,True,False,True
11,2026-03-10T08:00:00+00:00,5,0.5931,0.5931,105.15,104.53,0,True,False,True
11,2026-03-10T08:00:00+00:00,10,0.8419,0.8419,105.41,104.53,0,True,False,True
11,2026-03-10T08:00:00+00:00,15,1.0045,1.0045,105.58,104.53,0,True,False,True
11,2026-03-10T08:00:00+00:00,20,0.6123,0.6123,105.17,104.53,0,True,False,True
11,2026-03-10T08:00:00+00:00,25,1.215,1.215,105.8,104.53,0,True,False,True
11,2026-03-10T08:00:00+00:00,30,1.9229,1.9229,106.54,104.53,0,True,False,True
11,2026-03-10T08:00:00+00:00,35,2.3343,2.3343,106.97,104.53,0,True,False,False
11,2026-03-10T08:00:00+00:00,40,1.9707,1.9707,106.59,104.53,0,True,False,False
11,2026-03-10T08:00:00+00:00,45,1.6837,1.6837,106.29,104.53,0,True,False,False
11,2026-03-10T08:00:00+00:00,50,2.3056,2.3056,106.94,104.53,0,True,False,False
11,2026-03-10T08:00:00+00:00,55,2.6691,2.6691,107.32,104.53,0,True,False,False
11,2026-03-10T08:00:00+00:00,60,1.9516,1.9516,106.57,104.53,0,True,False,False
11,2026-03-10T08:00:00+00:00,65,1.6837,1.6837,106.29,104.53,0,True,False,False
11,2026-03-10T08:00:00+00:00,70,1.1289,1.1289,105.71,104.53,0,True,False,False
11,2026-03-10T08:00:00+00:00,75,0.5453,0.5453,105.1,104.53,0,True,False,False
11,2026-03-10T08:00:00+00:00,80,1.3872,1.3872,105.98,104.53,0,True,False,False
11,2026-03-10T08:00:00+00:00,85,1.0906,1.0906,105.67,104.53,0,True,False,False
11,2026-03-10T08:00:00+00:00,90,1.1097,1.1097,105.69,104.53,0,True,False,False
11,2026-03-10T08:00:00+00:00,95,0.0574,-0.0574,104.47,104.53,0,True,False,False
11,2026-03-10T08:00:00+00:00,100,0.067,0.067,104.6,104.53,0,True,False,False
11,2026-03-10T08:00:00+00:00,105,0.1818,0.1818,104.72,104.53,0,True,False,False
11,2026-03-10T08:00:00+00:00,110,0.067,0.067,104.6,104.53,0,True,False,False
11,2026-03-10T08:00:00+00:00,115,0.5836,0.5836,105.14,104.53,0,True,False,False
11,2026-03-10T08:00:00+00:00,120,1.0715,1.0715,105.65,104.53,0,True,False,False
11,2026-03-10T08:00:00+00:00,125,1.7698,1.7698,106.38,104.53,0,True,False,False
11,2026-03-10T08:00:00+00:00,130,2.363,2.363,107.0,104.53,0,True,False,False
11,2026-03-10T08:00:00+00:00,135,2.5352,2.5352,107.18,104.53,0,True,False,False
11,2026-03-10T08:00:00+00:00,140,1.789,1.789,106.4,104.53,0,True,False,False
11,2026-03-10T08:00:00+00:00,145,1.7507,1.7507,106.36,104.53,0,True,False,False
11,2026-03-10T08:00:00+00:00,150,2.7648,2.7648,107.42,104.53,0,True,False,False
11,2026-03-10T08:00:00+00:00,155,3.2335,3.2335,107.91,104.53,0,True,False,False
11,2026-03-10T08:00:00+00:00,160,2.4586,2.4586,107.1,104.53,0,True,False,False
11,2026-03-10T08:00:00+00:00,165,2.3151,2.3151,106.95,104.53,0,True,False,False
11,2026-03-10T08:00:00+00:00,170,2.0473,2.0473,106.67,104.53,0,True,False,False
11,2026-03-10T08:00:00+00:00,175,2.1525,2.1525,106.78,104.53,0,True,False,False
11,2026-03-10T08:00:00+00:00,180,0.354,0.354,104.9,104.53,0,True,False,False
12,2026-03-23T08:00:00+00:00,0,0.0,0.0,125.48,125.48,0,True,False,True
12,2026-03-23T08:00:00+00:00,5,0.271,-0.271,125.14,125.48,0,True,False,True
12,2026-03-23T08:00:00+00:00,10,0.4144,-0.4144,124.96,125.48,0,True,False,True
12,2026-03-23T08:00:00+00:00,15,0.4622,-0.4622,124.9,125.48,0,True,False,True
12,2026-03-23T08:00:00+00:00,20,0.4144,-0.4144,124.96,125.48,0,True,False,True
12,2026-03-23T08:00:00+00:00,25,0.3028,-0.3028,125.1,125.48,0,True,False,True
12,2026-03-23T08:00:00+00:00,30,0.9962,-0.9962,124.23,125.48,0,True,False,True
12,2026-03-23T08:00:00+00:00,35,1.036,-1.036,124.18,125.48,0,True,False,False
12,2026-03-23T08:00:00+00:00,40,0.9882,-0.9882,124.24,125.48,0,True,False,False
12,2026-03-23T08:00:00+00:00,45,1.0679,-1.0679,124.14,125.48,0,True,False,False
12,2026-03-23T08:00:00+00:00,50,1.1476,-1.1476,124.04,125.48,0,True,False,False
12,2026-03-23T08:00:00+00:00,55,1.3548,-1.3548,123.78,125.48,0,True,False,False
12,2026-03-23T08:00:00+00:00,60,1.4982,-1.4982,123.6,125.48,0,True,False,False
12,2026-03-23T08:00:00+00:00,65,1.7772,-1.7772,123.25,125.48,0,True,False,False
12,2026-03-23T08:00:00+00:00,70,2.3111,-2.3111,122.58,125.48,0,True,False,False
12,2026-03-23T08:00:00+00:00,75,2.5183,-2.5183,122.32,125.48,0,True,False,False
12,2026-03-23T08:00:00+00:00,80,2.0561,-2.0561,122.9,125.48,0,True,False,False
12,2026-03-23T08:00:00+00:00,85,1.8091,-1.8091,123.21,125.48,0,True,False,False
12,2026-03-23T08:00:00+00:00,90,1.5779,-1.5779,123.5,125.48,0,True,False,False
12,2026-03-23T08:00:00+00:00,95,1.4106,-1.4106,123.71,125.48,0,True,False,False
12,2026-03-23T08:00:00+00:00,100,1.5222,-1.5222,123.57,125.48,0,True,False,False
12,2026-03-23T08:00:00+00:00,105,1.6018,-1.6018,123.47,125.48,0,True,False,False
12,2026-03-23T08:00:00+00:00,110,1.7055,-1.7055,123.34,125.48,0,True,False,False
12,2026-03-23T08:00:00+00:00,115,1.817,-1.817,123.2,125.48,0,True,False,False
12,2026-03-23T08:00:00+00:00,120,1.6178,-1.6178,123.45,125.48,0,True,False,False
12,2026-03-23T08:00:00+00:00,125,1.57,-1.57,123.51,125.48,0,True,False,False
12,2026-03-23T08:00:00+00:00,130,1.7055,-1.7055,123.34,125.48,0,True,False,False
12,2026-03-23T08:00:00+00:00,135,1.7692,-1.7692,123.26,125.48,0,True,False,False
12,2026-03-23T08:00:00+00:00,140,1.5142,-1.5142,123.58,125.48,0,True,False,False
12,2026-03-23T08:00:00+00:00,145,1.5381,-1.5381,123.55,125.48,0,True,False,False
12,2026-03-23T08:00:00+00:00,150,2.0322,-2.0322,122.93,125.48,0,True,False,False
12,2026-03-23T08:00:00+00:00,155,1.833,-1.833,123.18,125.48,0,True,False,False
12,2026-03-23T08:00:00+00:00,160,2.1677,-2.1677,122.76,125.48,0,True,False,False
12,2026-03-23T08:00:00+00:00,165,2.5661,-2.5661,122.26,125.48,0,True,False,False
12,2026-03-23T08:00:00+00:00,170,2.2872,-2.2872,122.61,125.48,0,True,False,False
12,2026-03-23T08:00:00+00:00,175,2.1597,-2.1597,122.77,125.48,0,True,False,False
12,2026-03-23T08:00:00+00:00,180,2.1039,-2.1039,122.84,125.48,0,True,False,False
13,2026-03-23T14:25:00+00:00,-180,1.2919,1.2919,112.9,111.46,0,True,False,False
13,2026-03-23T14:25:00+00:00,-175,0.6639,0.6639,112.2,111.46,0,True,False,False
13,2026-03-23T14:25:00+00:00,-170,1.4983,1.4983,113.13,111.46,0,True,False,False
13,2026-03-23T14:25:00+00:00,-165,1.9648,1.9648,113.65,111.46,0,True,False,False
13,2026-03-23T14:25:00+00:00,-160,2.0187,2.0187,113.71,111.46,0,True,False,False
13,2026-03-23T14:25:00+00:00,-155,2.4493,2.4493,114.19,111.46,0,True,False,False
13,2026-03-23T14:25:00+00:00,-150,3.4093,3.4093,115.26,111.46,0,True,False,False
13,2026-03-23T14:25:00+00:00,-145,3.7518,3.7518,115.6417,111.46,0,True,False,False
13,2026-03-23T14:25:00+00:00,-140,3.499,3.499,115.36,111.46,0,True,False,False
13,2026-03-23T14:25:00+00:00,-135,3.3061,3.3061,115.145,111.46,0,True,False,False
13,2026-03-23T14:25:00+00:00,-130,2.3775,2.3775,114.11,111.46,0,True,False,False
13,2026-03-23T14:25:00+00:00,-125,2.2699,2.2699,113.99,111.46,0,True,False,False
13,2026-03-23T14:25:00+00:00,-120,2.4178,2.4178,114.1549,111.46,0,True,False,False
13,2026-03-23T14:25:00+00:00,-115,2.1175,2.1175,113.8202,111.46,0,True,False,False
13,2026-03-23T14:25:00+00:00,-110,1.9372,1.9372,113.6192,111.46,0,True,False,False
13,2026-03-23T14:25:00+00:00,-105,0.1563,0.1563,111.6342,111.46,0,True,False,False
13,2026-03-23T14:25:00+00:00,-100,0.8434,-0.8434,110.52,111.46,0,True,False,False
13,2026-03-23T14:25:00+00:00,-95,0.0228,0.0228,111.4854,111.46,0,True,False,False
13,2026-03-23T14:25:00+00:00,-90,0.0196,-0.0196,111.4381,111.46,0,True,False,False
13,2026-03-23T14:25:00+00:00,-85,0.2512,-0.2512,111.18,111.46,0,True,False,False
13,2026-03-23T14:25:00+00:00,-80,0.1514,-0.1514,111.2913,111.46,0,True,False,False
13,2026-03-23T14:25:00+00:00,-75,0.835,0.835,112.3907,111.46,0,True,False,False
13,2026-03-23T14:25:00+00:00,-55,1.3547,1.3547,112.97,111.46,12785105,False,True,False
13,2026-03-23T14:25:00+00:00,-50,0.4172,0.4172,111.925,111.46,1545686,False,True,False
13,2026-03-23T14:25:00+00:00,-45,0.1166,0.1166,111.59,111.46,2509600,False,True,False
13,2026-03-23T14:25:00+00:00,-40,0.7985,-0.7985,110.57,111.46,2086151,False,True,False
13,2026-03-23T14:25:00+00:00,-35,0.4396,-0.4396,110.97,111.46,1736118,False,True,False
13,2026-03-23T14:25:00+00:00,-30,0.3678,-0.3678,111.05,111.46,1892199,False,True,True
13,2026-03-23T14:25:00+00:00,-25,1.1484,-1.1484,110.18,111.46,2735822,False,True,True
13,2026-03-23T14:25:00+00:00,-20,0.8478,-0.8478,110.515,111.46,2034140,False,True,True
13,2026-03-23T14:25:00+00:00,-15,0.5293,-0.5293,110.87,111.46,1426947,False,True,True
13,2026-03-23T14:25:00+00:00,-10,0.9959,-0.9959,110.35,111.46,1278649,False,True,True
13,2026-03-23T14:25:00+00:00,-5,1.2561,-1.2561,110.06,111.46,1498786,False,True,True
13,2026-03-23T14:25:00+00:00,0,0.0,0.0,111.46,111.46,2078708,False,True,True
13,2026-03-23T14:25:00+00:00,5,0.0314,-0.0314,111.425,111.46,1046167,False,True,True
13,2026-03-23T14:25:00+00:00,10,0.2243,0.2243,111.71,111.46,1570575,False,True,True
13,2026-03-23T14:25:00+00:00,15,0.7894,0.7894,112.3399,111.46,1027332,False,True,True
13,2026-03-23T14:25:00+00:00,20,0.0987,0.0987,111.57,111.46,1478271,False,True,True
13,2026-03-23T14:25:00+00:00,25,0.1878,0.1878,111.6693,111.46,992652,False,True,True
13,2026-03-23T14:25:00+00:00,30,0.2063,-0.2063,111.23,111.46,777446,False,True,True
13,2026-03-23T14:25:00+00:00,35,3.0406,-3.0406,108.071,111.46,2439143,False,True,False
13,2026-03-23T14:25:00+00:00,40,3.6515,-3.6515,107.39,111.46,1924111,False,True,False
13,2026-03-23T14:25:00+00:00,45,4.0734,-4.0734,106.9198,111.46,1525718,False,True,False
13,2026-03-23T14:25:00+00:00,50,2.9248,-2.9248,108.2,111.46,1323406,False,True,False
13,2026-03-23T14:25:00+00:00,55,3.3285,-3.3285,107.75,111.46,899622,False,True,False
13,2026-03-23T14:25:00+00:00,60,2.7813,-2.7813,108.36,111.46,1019127,False,True,False
13,2026-03-23T14:25:00+00:00,65,2.8351,-2.8351,108.3,111.46,665900,False,True,False
13,2026-03-23T14:25:00+00:00,70,1.7046,-1.7046,109.56,111.46,1410185,False,True,False
13,2026-03-23T14:25:00+00:00,75,0.9331,-0.9331,110.42,111.46,1202134,False,True,False
13,2026-03-23T14:25:00+00:00,80,0.9509,-0.9509,110.4001,111.46,1409105,False,True,False
13,2026-03-23T14:25:00+00:00,85,0.6415,0.6415,112.175,111.46,2021493,False,True,False
13,2026-03-23T14:25:00+00:00,90,1.1394,1.1394,112.73,111.46,1828162,False,True,False
13,2026-03-23T14:25:00+00:00,95,1.4714,1.4714,113.1,111.46,1545583,False,True,False
13,2026-03-23T14:25:00+00:00,100,1.1215,1.1215,112.71,111.46,1219466,False,True,False
13,2026-03-23T14:25:00+00:00,105,1.4534,1.4534,113.08,111.46,1178089,False,True,False
13,2026-03-23T14:25:00+00:00,110,1.7764,1.7764,113.44,111.46,800347,False,True,False
13,2026-03-23T14:25:00+00:00,115,1.9469,1.9469,113.63,111.46,1018104,False,True,False
13,2026-03-23T14:25:00+00:00,120,2.3955,2.3955,114.13,111.46,915529,False,True,False
13,2026-03-23T14:25:00+00:00,125,1.2112,1.2112,112.81,111.46,1105398,False,True,False
13,2026-03-23T14:25:00+00:00,130,1.0315,1.0315,112.6097,111.46,895135,False,True,False
13,2026-03-23T14:25:00+00:00,135,0.4721,0.4721,111.9862,111.46,1088388,False,True,False
13,2026-03-23T14:25:00+00:00,140,0.5921,0.5921,112.12,111.46,725036,False,True,False
13,2026-03-23T14:25:00+00:00,145,0.1794,-0.1794,111.26,111.46,777885,False,True,False
13,2026-03-23T14:25:00+00:00,150,0.1974,0.1974,111.68,111.46,598987,False,True,False
13,2026-03-23T14:25:00+00:00,155,0.4743,0.4743,111.9887,111.46,587512,False,True,False
13,2026-03-23T14:25:00+00:00,160,0.0081,-0.0081,111.451,111.46,625968,False,True,False
13,2026-03-23T14:25:00+00:00,165,0.637,0.637,112.17,111.46,648961,False,True,False
13,2026-03-23T14:25:00+00:00,170,0.2064,0.2064,111.69,111.46,664634,False,True,False
13,2026-03-23T14:25:00+00:00,175,0.0987,0.0987,111.57,111.46,244711,False,True,False
13,2026-03-23T14:25:00+00:00,180,0.305,-0.305,111.12,111.46,557879,False,True,False
14,2026-03-24T19:45:00+00:00,-180,0.9331,0.9331,115.2,114.135,186535,False,True,False
14,2026-03-24T19:45:00+00:00,-175,1.0646,1.0646,115.3501,114.135,332695,False,True,False
14,2026-03-24T19:45:00+00:00,-170,1.1521,1.1521,115.45,114.135,613037,False,True,False
14,2026-03-24T19:45:00+00:00,-165,1.4062,1.4062,115.74,114.135,241816,False,True,False
14,2026-03-24T19:45:00+00:00,-160,1.6559,1.6559,116.025,114.135,746924,False,True,False
14,2026-03-24T19:45:00+00:00,-155,1.7479,1.7479,116.13,114.135,347707,False,True,False
14,2026-03-24T19:45:00+00:00,-150,1.45,1.45,115.79,114.135,368753,False,True,False
14,2026-03-24T19:45:00+00:00,-145,1.5902,1.5902,115.95,114.135,277809,False,True,False
14,2026-03-24T19:45:00+00:00,-140,1.4588,1.4588,115.8,114.135,217133,False,True,False
14,2026-03-24T19:45:00+00:00,-135,1.3011,1.3011,115.62,114.135,309907,False,True,False
14,2026-03-24T19:45:00+00:00,-130,1.1259,1.1259,115.42,114.135,252298,False,True,False
14,2026-03-24T19:45:00+00:00,-125,1.3887,1.3887,115.72,114.135,213931,False,True,False
14,2026-03-24T19:45:00+00:00,-120,1.2485,1.2485,115.56,114.135,245393,False,True,False
14,2026-03-24T19:45:00+00:00,-115,1.0163,1.0163,115.295,114.135,519490,False,True,False
14,2026-03-24T19:45:00+00:00,-110,0.1796,0.1796,114.34,114.135,2498807,False,True,False
14,2026-03-24T19:45:00+00:00,-105,0.241,0.241,114.4101,114.135,724672,False,True,False
14,2026-03-24T19:45:00+00:00,-100,0.5914,0.5914,114.81,114.135,397214,False,True,False
14,2026-03-24T19:45:00+00:00,-95,0.6878,0.6878,114.92,114.135,387226,False,True,False
14,2026-03-24T19:45:00+00:00,-90,0.3023,0.3023,114.48,114.135,745894,False,True,False
14,2026-03-24T19:45:00+00:00,-85,0.7316,0.7316,114.97,114.135,345811,False,True,False
14,2026-03-24T19:45:00+00:00,-80,0.7491,0.7491,114.99,114.135,398214,False,True,False
14,2026-03-24T19:45:00+00:00,-75,0.6308,0.6308,114.855,114.135,317796,False,True,False
14,2026-03-24T19:45:00+00:00,-70,0.5388,-0.5388,113.52,114.135,946096,False,True,False
14,2026-03-24T19:45:00+00:00,-65,0.2672,0.2672,114.44,114.135,837561,False,True,False
14,2026-03-24T19:45:00+00:00,-60,0.4249,0.4249,114.62,114.135,332357,False,True,False
14,2026-03-24T19:45:00+00:00,-55,0.1533,0.1533,114.31,114.135,801895,False,True,False
14,2026-03-24T19:45:00+00:00,-50,0.2147,0.2147,114.38,114.135,335943,False,True,False
14,2026-03-24T19:45:00+00:00,-45,0.1577,-0.1577,113.955,114.135,621920,False,True,False
14,2026-03-24T19:45:00+00:00,-40,0.276,-0.276,113.82,114.135,336969,False,True,False
14,2026-03-24T19:45:00+00:00,-35,0.1752,-0.1752,113.935,114.135,203774,False,True,False
14,2026-03-24T19:45:00+00:00,-30,0.0832,-0.0832,114.04,114.135,209856,False,True,True
14,2026-03-24T19:45:00+00:00,-25,0.0921,-0.0921,114.0299,114.135,418519,False,True,True
14,2026-03-24T19:45:00+00:00,-20,0.0569,0.0569,114.2,114.135,156932,False,True,True
14,2026-03-24T19:45:00+00:00,-15,0.0044,0.0044,114.14,114.135,164439,False,True,True
14,2026-03-24T19:45:00+00:00,-10,0.2234,0.2234,114.39,114.135,179468,False,True,True
14,2026-03-24T19:45:00+00:00,-5,0.0131,-0.0131,114.12,114.135,149068,False,True,True
14,2026-03-24T19:45:00+00:00,0,0.0,0.0,114.135,114.135,193700,False,True,True
14,2026-03-24T19:45:00+00:00,5,0.1314,0.1314,114.285,114.135,209623,False,True,True
14,2026-03-24T19:45:00+00:00,10,0.3505,0.3505,114.535,114.135,426396,False,True,True
14,2026-03-24T19:45:00+00:00,15,0.2497,0.2497,114.42,114.135,0,True,False,True
14,2026-03-24T19:45:00+00:00,20,0.3024,0.3024,114.4801,114.135,0,True,False,True
14,2026-03-24T19:45:00+00:00,25,0.3801,0.3801,114.5688,114.135,0,True,False,True
14,2026-03-24T19:45:00+00:00,30,0.2675,-0.2675,113.8297,114.135,0,True,False,True
14,2026-03-24T19:45:00+00:00,35,3.9558,-3.9558,109.62,114.135,0,True,False,False
14,2026-03-24T19:45:00+00:00,40,3.0096,-3.0096,110.7,114.135,0,True,False,False
14,2026-03-24T19:45:00+00:00,45,2.5454,-2.5454,111.2298,114.135,0,True,False,False
14,2026-03-24T19:45:00+00:00,50,3.7038,-3.7038,109.9077,114.135,0,True,False,False
14,2026-03-24T19:45:00+00:00,55,2.8957,-2.8957,110.83,114.135,0,True,False,False
14,2026-03-24T19:45:00+00:00,60,3.6141,-3.6141,110.0101,114.135,0,True,False,False
14,2026-03-24T19:45:00+00:00,65,3.9103,-3.9103,109.672,114.135,0,True,False,False
14,2026-03-24T19:45:00+00:00,70,3.5353,-3.5353,110.1,114.135,0,True,False,False
14,2026-03-24T19:45:00+00:00,75,3.4477,-3.4477,110.2,114.135,0,True,False,False
14,2026-03-24T19:45:00+00:00,80,3.4401,-3.4401,110.2087,114.135,0,True,False,False
14,2026-03-24T19:45:00+00:00,85,3.5178,-3.5178,110.12,114.135,0,True,False,False
14,2026-03-24T19:45:00+00:00,90,3.4026,-3.4026,110.2515,114.135,0,True,False,False
14,2026-03-24T19:45:00+00:00,95,3.3953,-3.3953,110.2598,114.135,0,True,False,False
14,2026-03-24T19:45:00+00:00,100,3.417,-3.417,110.235,114.135,0,True,False,False
14,2026-03-24T19:45:00+00:00,105,3.4128,-3.4128,110.2398,114.135,0,True,False,False
14,2026-03-24T19:45:00+00:00,110,3.4433,-3.4433,110.205,114.135,0,True,False,False
14,2026-03-24T19:45:00+00:00,115,3.4389,-3.4389,110.21,114.135,0,True,False,False
14,2026-03-24T19:45:00+00:00,120,3.5002,-3.5002,110.14,114.135,0,True,False,False
14,2026-03-24T19:45:00+00:00,125,3.474,-3.474,110.17,114.135,0,True,False,False
14,2026-03-24T19:45:00+00:00,130,3.325,-3.325,110.34,114.135,0,True,False,False
14,2026-03-24T19:45:00+00:00,135,3.2474,-3.2474,110.4286,114.135,0,True,False,False
14,2026-03-24T19:45:00+00:00,140,3.4126,-3.4126,110.24,114.135,0,True,False,False
14,2026-03-24T19:45:00+00:00,145,3.2199,-3.2199,110.46,114.135,0,True,False,False
14,2026-03-24T19:45:00+00:00,150,2.7447,-2.7447,111.0023,114.135,0,True,False,False
14,2026-03-24T19:45:00+00:00,155,2.8716,-2.8716,110.8575,114.135,0,True,False,False
14,2026-03-24T19:45:00+00:00,160,2.7467,-2.7467,111.0,114.135,0,True,False,False
14,2026-03-24T19:45:00+00:00,165,2.9328,-2.9328,110.7876,114.135,0,True,False,False
14,2026-03-24T19:45:00+00:00,170,2.8976,-2.8976,110.8278,114.135,0,True,False,False
14,2026-03-24T19:45:00+00:00,175,2.7993,-2.7993,110.94,114.135,0,True,False,False
14,2026-03-24T19:45:00+00:00,180,2.8781,-2.8781,110.8501,114.135,0,True,False,False
15,2026-04-07T20:10:00+00:00,-180,2.998,2.998,141.89,137.76,289818,False,True,False
15,2026-04-07T20:10:00+00:00,-175,3.1359,3.1359,142.08,137.76,224725,False,True,False
15,2026-04-07T20:10:00+00:00,-170,3.35,3.35,142.375,137.76,210517,False,True,False
15,2026-04-07T20:10:00+00:00,-165,3.3174,3.3174,142.33,137.76,399278,False,True,False
15,2026-04-07T20:10:00+00:00,-160,2.5552,2.5552,141.28,137.76,604356,False,True,False
15,2026-04-07T20:10:00+00:00,-155,2.4245,2.4245,141.1,137.76,754239,False,True,False
15,2026-04-07T20:10:00+00:00,-150,2.5915,2.5915,141.3301,137.76,462964,False,True,False
15,2026-04-07T20:10:00+00:00,-145,2.4826,2.4826,141.18,137.76,297540,False,True,False
15,2026-04-07T20:10:00+00:00,-140,2.2494,2.2494,140.8588,137.76,387319,False,True,False
15,2026-04-07T20:10:00+00:00,-135,2.4826,2.4826,141.18,137.76,517652,False,True,False
15,2026-04-07T20:10:00+00:00,-130,2.2574,2.2574,140.8698,137.76,191713,False,True,False
15,2026-04-07T20:10:00+00:00,-125,2.3447,2.3447,140.99,137.76,157647,False,True,False
15,2026-04-07T20:10:00+00:00,-120,2.2793,2.2793,140.9,137.76,141445,False,True,False
15,2026-04-07T20:10:00+00:00,-115,1.8439,1.8439,140.3002,137.76,575397,False,True,False
15,2026-04-07T20:10:00+00:00,-110,2.0616,2.0616,140.6,137.76,392162,False,True,False
15,2026-04-07T20:10:00+00:00,-105,1.5752,1.5752,139.93,137.76,413384,False,True,False
15,2026-04-07T20:10:00+00:00,-100,1.7274,1.7274,140.1397,137.76,497683,False,True,False
15,2026-04-07T20:10:00+00:00,-95,2.018,2.018,140.54,137.76,268035,False,True,False
15,2026-04-07T20:10:00+00:00,-90,2.3991,2.3991,141.065,137.76,255630,False,True,False
15,2026-04-07T20:10:00+00:00,-85,2.4578,2.4578,141.1459,137.76,343781,False,True,False
15,2026-04-07T20:10:00+00:00,-80,2.6895,2.6895,141.465,137.76,252971,False,True,False
15,2026-04-07T20:10:00+00:00,-75,2.6935,2.6935,141.4706,137.76,247055,False,True,False
15,2026-04-07T20:10:00+00:00,-70,2.5406,2.5406,141.26,137.76,191573,False,True,False
15,2026-04-07T20:10:00+00:00,-65,2.8528,2.8528,141.69,137.76,447932,False,True,False
15,2026-04-07T20:10:00+00:00,-60,2.7221,2.7221,141.51,137.76,160506,False,True,False
15,2026-04-07T20:10:00+00:00,-55,0.7404,0.7404,138.78,137.76,1374820,False,True,False
15,2026-04-07T20:10:00+00:00,-50,1.3428,1.3428,139.6099,137.76,1268515,False,True,False
15,2026-04-07T20:10:00+00:00,-45,1.2413,1.2413,139.47,137.76,633922,False,True,False
15,2026-04-07T20:10:00+00:00,-40,1.6151,1.6151,139.985,137.76,398288,False,True,False
15,2026-04-07T20:10:00+00:00,-35,1.5171,1.5171,139.8499,137.76,518186,False,True,False
15,2026-04-07T20:10:00+00:00,-30,1.3791,1.3791,139.6599,137.76,479732,False,True,True
15,2026-04-07T20:10:00+00:00,-25,0.0653,0.0653,137.85,137.76,4354090,False,True,True
15,2026-04-07T20:10:00+00:00,-20,0.2395,0.2395,138.09,137.76,888199,False,True,True
15,2026-04-07T20:10:00+00:00,-15,0.2395,0.2395,138.0899,137.76,850317,False,True,True
15,2026-04-07T20:10:00+00:00,-10,0.6242,-0.6242,136.9001,137.76,0,True,False,True
15,2026-04-07T20:10:00+00:00,-5,0.1813,-0.1813,137.5102,137.76,0,True,False,True
15,2026-04-07T20:10:00+00:00,0,0.0,0.0,137.76,137.76,0,True,False,True
15,2026-04-07T20:10:00+00:00,5,0.2392,-0.2392,137.4305,137.76,0,True,False,True
15,2026-04-07T20:10:00+00:00,10,0.0436,-0.0436,137.7,137.76,0,True,False,True
15,2026-04-07T20:10:00+00:00,15,0.4864,-0.4864,137.09,137.76,0,True,False,True
15,2026-04-07T20:10:00+00:00,20,0.7985,-0.7985,136.66,137.76,0,True,False,True
15,2026-04-07T20:10:00+00:00,25,0.0719,0.0719,137.8591,137.76,0,True,False,True
15,2026-04-07T20:10:00+00:00,30,0.6098,-0.6098,136.92,137.76,0,True,False,True
15,2026-04-07T20:10:00+00:00,35,0.4646,-0.4646,137.12,137.76,0,True,False,False
15,2026-04-07T20:10:00+00:00,40,0.4791,-0.4791,137.1,137.76,0,True,False,False
15,2026-04-07T20:10:00+00:00,45,0.9364,-0.9364,136.47,137.76,0,True,False,False
15,2026-04-07T20:10:00+00:00,50,1.2413,-1.2413,136.05,137.76,0,True,False,False
15,2026-04-07T20:10:00+00:00,55,1.0961,-1.0961,136.25,137.76,0,True,False,False
15,2026-04-07T20:10:00+00:00,60,1.1687,-1.1687,136.15,137.76,0,True,False,False
15,2026-04-07T20:10:00+00:00,65,1.0925,-1.0925,136.255,137.76,0,True,False,False
15,2026-04-07T20:10:00+00:00,70,1.0453,-1.0453,136.32,137.76,0,True,False,False
15,2026-04-07T20:10:00+00:00,75,0.8057,-0.8057,136.65,137.76,0,True,False,False
15,2026-04-07T20:10:00+00:00,80,0.8783,-0.8783,136.55,137.76,0,True,False,False
15,2026-04-07T20:10:00+00:00,85,1.3139,-1.3139,135.95,137.76,0,True,False,False
15,2026-04-07T20:10:00+00:00,90,1.2287,-1.2287,136.0673,137.76,0,True,False,False
15,2026-04-07T20:10:00+00:00,95,1.1901,-1.1901,136.1205,137.76,0,True,False,False
15,2026-04-07T20:10:00+00:00,100,1.0894,-1.0894,136.2592,137.76,0,True,False,False
15,2026-04-07T20:10:00+00:00,105,1.2776,-1.2776,136.0,137.76,0,True,False,False
15,2026-04-07T20:10:00+00:00,110,3.1214,-3.1214,133.46,137.76,0,True,False,False
15,2026-04-07T20:10:00+00:00,115,3.3246,-3.3246,133.18,137.76,0,True,False,False
15,2026-04-07T20:10:00+00:00,120,3.0052,-3.0052,133.62,137.76,0,True,False,False
15,2026-04-07T20:10:00+00:00,125,2.7003,-2.7003,134.04,137.76,0,True,False,False
15,2026-04-07T20:10:00+00:00,130,2.9181,-2.9181,133.74,137.76,0,True,False,False
15,2026-04-07T20:10:00+00:00,135,2.9544,-2.9544,133.69,137.76,0,True,False,False
15,2026-04-07T20:10:00+00:00,140,5.7056,-5.7056,129.9,137.76,0,True,False,False
15,2026-04-07T20:10:00+00:00,145,8.2535,-8.2535,126.39,137.76,0,True,False,False
15,2026-04-07T20:10:00+00:00,150,7.1138,-7.1138,127.96,137.76,0,True,False,False
15,2026-04-07T20:10:00+00:00,155,7.9652,-7.9652,126.7872,137.76,0,True,False,False
15,2026-04-07T20:10:00+00:00,160,9.0592,-9.0592,125.28,137.76,0,True,False,False
15,2026-04-07T20:10:00+00:00,165,9.3641,-9.3641,124.86,137.76,0,True,False,False
15,2026-04-07T20:10:00+00:00,170,12.2532,-12.2532,120.88,137.76,0,True,False,False
15,2026-04-07T20:10:00+00:00,175,12.3621,-12.3621,120.73,137.76,0,True,False,False
15,2026-04-07T20:10:00+00:00,180,12.3439,-12.3439,120.755,137.76,0,True,False,False
