burst_id,anchor_ts,minute_offset,cum_pct_abs,cum_pct_signed,series
1,2026-02-02T18:45:00+00:00,0,0.0,0.0,real
1,2026-02-02T18:45:00+00:00,5,0.3075,-0.3075,real
1,2026-02-02T18:45:00+00:00,10,0.1471,-0.1471,real
1,2026-02-02T18:45:00+00:00,15,0.2246,-0.2246,real
1,2026-02-02T18:45:00+00:00,20,0.2942,-0.2942,real
1,2026-02-02T18:45:00+00:00,25,0.2006,-0.2006,real
1,2026-02-02T18:45:00+00:00,30,0.0669,-0.0669,real
1,2026-02-02T18:45:00+00:00,35,0.2674,0.2674,real
1,2026-02-02T18:45:00+00:00,40,0.5883,0.5883,real
1,2026-02-02T18:45:00+00:00,45,0.361,0.361,real
1,2026-02-02T18:45:00+00:00,50,0.2407,0.2407,real
1,2026-02-02T18:45:00+00:00,55,0.2139,0.2139,real
1,2026-02-02T18:45:00+00:00,60,0.2273,0.2273,real
1,2026-02-02T18:45:00+00:00,65,0.2942,0.2942,real
1,2026-02-02T18:45:00+00:00,70,0.361,0.361,real
1,2026-02-02T18:45:00+00:00,75,0.488,0.488,real
1,2026-02-02T18:45:00+00:00,80,0.6017,0.6017,real
1,2026-02-02T18:45:00+00:00,85,0.595,0.595,real
1,2026-02-02T18:45:00+00:00,90,0.6017,0.6017,real
1,2026-02-02T18:45:00+00:00,95,0.4145,0.4145,real
1,2026-02-02T18:45:00+00:00,100,0.5482,0.5482,real
1,2026-02-02T18:45:00+00:00,105,0.6141,0.6141,real
1,2026-02-02T18:45:00+00:00,110,0.5883,0.5883,real
1,2026-02-02T18:45:00+00:00,115,0.5883,0.5883,real
1,2026-02-02T18:45:00+00:00,120,0.6284,0.6284,real
1,2026-02-02T18:45:00+00:00,125,0.6685,0.6685,real
1,2026-02-02T18:45:00+00:00,130,0.722,0.722,real
1,2026-02-02T18:45:00+00:00,135,0.7086,0.7086,real
1,2026-02-02T18:45:00+00:00,140,0.5764,0.5764,real
1,2026-02-02T18:45:00+00:00,145,0.6284,0.6284,real
1,2026-02-02T18:45:00+00:00,150,0.5752,0.5752,real
1,2026-02-02T18:45:00+00:00,155,0.6685,0.6685,real
1,2026-02-02T18:45:00+00:00,160,0.6953,0.6953,real
1,2026-02-02T18:45:00+00:00,165,0.6151,0.6151,real
1,2026-02-02T18:45:00+00:00,170,0.5883,0.5883,real
1,2026-02-02T18:45:00+00:00,175,0.6084,0.6084,real
1,2026-02-02T18:45:00+00:00,180,0.7488,0.7488,real
2,2026-02-02T18:45:00+00:00,0,0.0,0.0,real
2,2026-02-02T18:45:00+00:00,5,0.3075,-0.3075,real
2,2026-02-02T18:45:00+00:00,10,0.1471,-0.1471,real
2,2026-02-02T18:45:00+00:00,15,0.2246,-0.2246,real
2,2026-02-02T18:45:00+00:00,20,0.2942,-0.2942,real
2,2026-02-02T18:45:00+00:00,25,0.2006,-0.2006,real
2,2026-02-02T18:45:00+00:00,30,0.0669,-0.0669,real
2,2026-02-02T18:45:00+00:00,35,0.2674,0.2674,real
2,2026-02-02T18:45:00+00:00,40,0.5883,0.5883,real
2,2026-02-02T18:45:00+00:00,45,0.361,0.361,real
2,2026-02-02T18:45:00+00:00,50,0.2407,0.2407,real
2,2026-02-02T18:45:00+00:00,55,0.2139,0.2139,real
2,2026-02-02T18:45:00+00:00,60,0.2273,0.2273,real
2,2026-02-02T18:45:00+00:00,65,0.2942,0.2942,real
2,2026-02-02T18:45:00+00:00,70,0.361,0.361,real
2,2026-02-02T18:45:00+00:00,75,0.488,0.488,real
2,2026-02-02T18:45:00+00:00,80,0.6017,0.6017,real
2,2026-02-02T18:45:00+00:00,85,0.595,0.595,real
2,2026-02-02T18:45:00+00:00,90,0.6017,0.6017,real
2,2026-02-02T18:45:00+00:00,95,0.4145,0.4145,real
2,2026-02-02T18:45:00+00:00,100,0.5482,0.5482,real
2,2026-02-02T18:45:00+00:00,105,0.6141,0.6141,real
2,2026-02-02T18:45:00+00:00,110,0.5883,0.5883,real
2,2026-02-02T18:45:00+00:00,115,0.5883,0.5883,real
2,2026-02-02T18:45:00+00:00,120,0.6284,0.6284,real
2,2026-02-02T18:45:00+00:00,125,0.6685,0.6685,real
2,2026-02-02T18:45:00+00:00,130,0.722,0.722,real
2,2026-02-02T18:45:00+00:00,135,0.7086,0.7086,real
2,2026-02-02T18:45:00+00:00,140,0.5764,0.5764,real
2,2026-02-02T18:45:00+00:00,145,0.6284,0.6284,real
2,2026-02-02T18:45:00+00:00,150,0.5752,0.5752,real
2,2026-02-02T18:45:00+00:00,155,0.6685,0.6685,real
2,2026-02-02T18:45:00+00:00,160,0.6953,0.6953,real
2,2026-02-02T18:45:00+00:00,165,0.6151,0.6151,real
2,2026-02-02T18:45:00+00:00,170,0.5883,0.5883,real
2,2026-02-02T18:45:00+00:00,175,0.6084,0.6084,real
2,2026-02-02T18:45:00+00:00,180,0.7488,0.7488,real
3,2026-02-02T18:45:00+00:00,0,0.0,0.0,real
3,2026-02-02T18:45:00+00:00,5,0.3075,-0.3075,real
3,2026-02-02T18:45:00+00:00,10,0.1471,-0.1471,real
3,2026-02-02T18:45:00+00:00,15,0.2246,-0.2246,real
3,2026-02-02T18:45:00+00:00,20,0.2942,-0.2942,real
3,2026-02-02T18:45:00+00:00,25,0.2006,-0.2006,real
3,2026-02-02T18:45:00+00:00,30,0.0669,-0.0669,real
3,2026-02-02T18:45:00+00:00,35,0.2674,0.2674,real
3,2026-02-02T18:45:00+00:00,40,0.5883,0.5883,real
3,2026-02-02T18:45:00+00:00,45,0.361,0.361,real
3,2026-02-02T18:45:00+00:00,50,0.2407,0.2407,real
3,2026-02-02T18:45:00+00:00,55,0.2139,0.2139,real
3,2026-02-02T18:45:00+00:00,60,0.2273,0.2273,real
3,2026-02-02T18:45:00+00:00,65,0.2942,0.2942,real
3,2026-02-02T18:45:00+00:00,70,0.361,0.361,real
3,2026-02-02T18:45:00+00:00,75,0.488,0.488,real
3,2026-02-02T18:45:00+00:00,80,0.6017,0.6017,real
3,2026-02-02T18:45:00+00:00,85,0.595,0.595,real
3,2026-02-02T18:45:00+00:00,90,0.6017,0.6017,real
3,2026-02-02T18:45:00+00:00,95,0.4145,0.4145,real
3,2026-02-02T18:45:00+00:00,100,0.5482,0.5482,real
3,2026-02-02T18:45:00+00:00,105,0.6141,0.6141,real
3,2026-02-02T18:45:00+00:00,110,0.5883,0.5883,real
3,2026-02-02T18:45:00+00:00,115,0.5883,0.5883,real
3,2026-02-02T18:45:00+00:00,120,0.6284,0.6284,real
3,2026-02-02T18:45:00+00:00,125,0.6685,0.6685,real
3,2026-02-02T18:45:00+00:00,130,0.722,0.722,real
3,2026-02-02T18:45:00+00:00,135,0.7086,0.7086,real
3,2026-02-02T18:45:00+00:00,140,0.5764,0.5764,real
3,2026-02-02T18:45:00+00:00,145,0.6284,0.6284,real
3,2026-02-02T18:45:00+00:00,150,0.5752,0.5752,real
3,2026-02-02T18:45:00+00:00,155,0.6685,0.6685,real
3,2026-02-02T18:45:00+00:00,160,0.6953,0.6953,real
3,2026-02-02T18:45:00+00:00,165,0.6151,0.6151,real
3,2026-02-02T18:45:00+00:00,170,0.5883,0.5883,real
3,2026-02-02T18:45:00+00:00,175,0.6084,0.6084,real
3,2026-02-02T18:45:00+00:00,180,0.7488,0.7488,real
4,2026-02-04T15:35:00+00:00,-180,0.445,0.445,real
4,2026-02-04T15:35:00+00:00,-175,0.4581,0.4581,real
4,2026-02-04T15:35:00+00:00,-170,0.4973,0.4973,real
4,2026-02-04T15:35:00+00:00,-165,0.445,0.445,real
4,2026-02-04T15:35:00+00:00,-160,0.3272,0.3272,real
4,2026-02-04T15:35:00+00:00,-155,0.4057,0.4057,real
4,2026-02-04T15:35:00+00:00,-150,0.4581,0.4581,real
4,2026-02-04T15:35:00+00:00,-145,0.3664,0.3664,real
4,2026-02-04T15:35:00+00:00,-140,0.1603,0.1603,real
4,2026-02-04T15:35:00+00:00,-135,0.301,0.301,real
4,2026-02-04T15:35:00+00:00,-130,0.2945,0.2945,real
4,2026-02-04T15:35:00+00:00,-125,0.1701,0.1701,real
4,2026-02-04T15:35:00+00:00,-120,0.0916,0.0916,real
4,2026-02-04T15:35:00+00:00,-115,0.0785,-0.0785,real
4,2026-02-04T15:35:00+00:00,-110,0.1178,-0.1178,real
4,2026-02-04T15:35:00+00:00,-105,0.1309,-0.1309,real
4,2026-02-04T15:35:00+00:00,-100,0.4057,-0.4057,real
4,2026-02-04T15:35:00+00:00,-95,0.3021,-0.3021,real
4,2026-02-04T15:35:00+00:00,-90,0.2356,-0.2356,real
4,2026-02-04T15:35:00+00:00,-85,0.0654,0.0654,real
4,2026-02-04T15:35:00+00:00,-65,0.3664,0.3664,real
4,2026-02-04T15:35:00+00:00,-60,0.2748,0.2748,real
4,2026-02-04T15:35:00+00:00,-55,0.3926,0.3926,real
4,2026-02-04T15:35:00+00:00,-50,0.5497,0.5497,real
4,2026-02-04T15:35:00+00:00,-45,0.3861,0.3861,real
4,2026-02-04T15:35:00+00:00,-40,0.157,0.157,real
4,2026-02-04T15:35:00+00:00,-35,0.1309,0.1309,real
4,2026-02-04T15:35:00+00:00,-30,0.3926,0.3926,real
4,2026-02-04T15:35:00+00:00,-25,0.4188,0.4188,real
4,2026-02-04T15:35:00+00:00,-20,0.4711,0.4711,real
4,2026-02-04T15:35:00+00:00,-15,0.4747,0.4747,real
4,2026-02-04T15:35:00+00:00,-10,0.4581,0.4581,real
4,2026-02-04T15:35:00+00:00,-5,0.1047,0.1047,real
4,2026-02-04T15:35:00+00:00,0,0.0,0.0,real
4,2026-02-04T15:35:00+00:00,5,0.3926,0.3926,real
4,2026-02-04T15:35:00+00:00,10,0.2487,0.2487,real
4,2026-02-04T15:35:00+00:00,15,0.445,0.445,real
4,2026-02-04T15:35:00+00:00,20,0.2356,0.2356,real
4,2026-02-04T15:35:00+00:00,25,0.0785,-0.0785,real
4,2026-02-04T15:35:00+00:00,30,0.0654,0.0654,real
4,2026-02-04T15:35:00+00:00,35,0.0393,-0.0393,real
4,2026-02-04T15:35:00+00:00,40,0.1963,-0.1963,real
4,2026-02-04T15:35:00+00:00,45,0.0916,-0.0916,real
4,2026-02-04T15:35:00+00:00,50,0.0,0.0,real
4,2026-02-04T15:35:00+00:00,55,0.2225,0.2225,real
4,2026-02-04T15:35:00+00:00,60,0.2748,0.2748,real
4,2026-02-04T15:35:00+00:00,65,0.157,0.157,real
4,2026-02-04T15:35:00+00:00,70,0.2487,0.2487,real
4,2026-02-04T15:35:00+00:00,75,0.5627,0.5627,real
4,2026-02-04T15:35:00+00:00,80,0.6282,0.6282,real
4,2026-02-04T15:35:00+00:00,85,0.7067,0.7067,real
4,2026-02-04T15:35:00+00:00,90,0.7852,0.7852,real
4,2026-02-04T15:35:00+00:00,95,0.7329,0.7329,real
4,2026-02-04T15:35:00+00:00,100,0.6936,0.6936,real
4,2026-02-04T15:35:00+00:00,105,0.6936,0.6936,real
4,2026-02-04T15:35:00+00:00,110,2.4342,2.4342,real
4,2026-02-04T15:35:00+00:00,115,3.1017,3.1017,real
4,2026-02-04T15:35:00+00:00,120,3.5859,3.5859,real
4,2026-02-04T15:35:00+00:00,125,2.8399,2.8399,real
4,2026-02-04T15:35:00+00:00,130,2.6175,2.6175,real
4,2026-02-04T15:35:00+00:00,135,2.8399,2.8399,real
4,2026-02-04T15:35:00+00:00,140,3.0886,3.0886,real
4,2026-02-04T15:35:00+00:00,145,3.0428,3.0428,real
4,2026-02-04T15:35:00+00:00,150,3.0363,3.0363,real
4,2026-02-04T15:35:00+00:00,155,3.0101,3.0101,real
4,2026-02-04T15:35:00+00:00,160,2.7876,2.7876,real
4,2026-02-04T15:35:00+00:00,165,3.0493,3.0493,real
4,2026-02-04T15:35:00+00:00,170,3.2849,3.2849,real
4,2026-02-04T15:35:00+00:00,175,3.37,3.37,real
4,2026-02-04T15:35:00+00:00,180,3.3242,3.3242,real
5,2026-02-10T23:50:00+00:00,-180,0.1283,-0.1283,real
5,2026-02-10T23:50:00+00:00,-175,0.0641,0.0641,real
5,2026-02-10T23:50:00+00:00,-170,0.0385,0.0385,real
5,2026-02-10T23:50:00+00:00,-165,0.0898,-0.0898,real
5,2026-02-10T23:50:00+00:00,-160,0.1026,-0.1026,real
5,2026-02-10T23:50:00+00:00,-155,0.1411,-0.1411,real
5,2026-02-10T23:50:00+00:00,-150,0.1366,-0.1366,real
5,2026-02-10T23:50:00+00:00,-145,0.1603,-0.1603,real
5,2026-02-10T23:50:00+00:00,-140,0.077,-0.077,real
5,2026-02-10T23:50:00+00:00,-135,0.0962,-0.0962,real
5,2026-02-10T23:50:00+00:00,-130,0.0641,-0.0641,real
5,2026-02-10T23:50:00+00:00,-125,0.0384,-0.0384,real
5,2026-02-10T23:50:00+00:00,-120,0.0898,-0.0898,real
5,2026-02-10T23:50:00+00:00,-115,0.2181,-0.2181,real
5,2026-02-10T23:50:00+00:00,-110,0.077,-0.077,real
5,2026-02-10T23:50:00+00:00,-105,0.4425,-0.4425,real
5,2026-02-10T23:50:00+00:00,-95,0.0513,-0.0513,real
5,2026-02-10T23:50:00+00:00,-90,0.1411,-0.1411,real
5,2026-02-10T23:50:00+00:00,-85,0.3976,-0.3976,real
5,2026-02-10T23:50:00+00:00,-70,0.744,-0.744,real
5,2026-02-10T23:50:00+00:00,-65,0.0513,-0.0513,real
5,2026-02-10T23:50:00+00:00,-60,0.3976,-0.3976,real
5,2026-02-10T23:50:00+00:00,-50,0.0921,0.0921,real
5,2026-02-10T23:50:00+00:00,-45,0.0449,-0.0449,real
5,2026-02-10T23:50:00+00:00,-40,0.0513,-0.0513,real
5,2026-02-10T23:50:00+00:00,-35,0.0898,0.0898,real
5,2026-02-10T23:50:00+00:00,-30,0.0513,-0.0513,real
5,2026-02-10T23:50:00+00:00,-20,0.1154,0.1154,real
5,2026-02-10T23:50:00+00:00,-15,0.0513,-0.0513,real
5,2026-02-10T23:50:00+00:00,-10,0.1154,0.1154,real
5,2026-02-10T23:50:00+00:00,-5,0.0128,-0.0128,real
5,2026-02-10T23:50:00+00:00,0,0.0,0.0,real
5,2026-02-10T23:50:00+00:00,5,0.1154,0.1154,real
6,2026-02-17T09:00:00+00:00,0,0.0,0.0,real
6,2026-02-17T09:00:00+00:00,5,0.1566,-0.1566,real
6,2026-02-17T09:00:00+00:00,10,0.0783,-0.0783,real
6,2026-02-17T09:00:00+00:00,15,0.0131,0.0131,real
6,2026-02-17T09:00:00+00:00,20,0.1697,0.1697,real
6,2026-02-17T09:00:00+00:00,25,0.2219,0.2219,real
6,2026-02-17T09:00:00+00:00,30,0.0261,0.0261,real
6,2026-02-17T09:00:00+00:00,35,0.0131,0.0131,real
6,2026-02-17T09:00:00+00:00,40,0.0783,-0.0783,real
6,2026-02-17T09:00:00+00:00,45,0.1175,0.1175,real
6,2026-02-17T09:00:00+00:00,50,0.248,0.248,real
6,2026-02-17T09:00:00+00:00,55,0.2349,0.2349,real
6,2026-02-17T09:00:00+00:00,60,0.509,0.509,real
6,2026-02-17T09:00:00+00:00,65,0.5612,0.5612,real
6,2026-02-17T09:00:00+00:00,70,0.5351,0.5351,real
6,2026-02-17T09:00:00+00:00,75,0.4568,0.4568,real
6,2026-02-17T09:00:00+00:00,80,0.5221,0.5221,real
6,2026-02-17T09:00:00+00:00,85,0.4437,0.4437,real
6,2026-02-17T09:00:00+00:00,90,0.6265,0.6265,real
6,2026-02-17T09:00:00+00:00,95,0.757,0.757,real
6,2026-02-17T09:00:00+00:00,100,0.7831,0.7831,real
6,2026-02-17T09:00:00+00:00,105,0.8222,0.8222,real
6,2026-02-17T09:00:00+00:00,110,0.77,0.77,real
6,2026-02-17T09:00:00+00:00,115,0.8353,0.8353,real
6,2026-02-17T09:00:00+00:00,120,0.9005,0.9005,real
6,2026-02-17T09:00:00+00:00,125,1.2138,1.2138,real
6,2026-02-17T09:00:00+00:00,130,1.2399,1.2399,real
6,2026-02-17T09:00:00+00:00,135,1.1616,1.1616,real
6,2026-02-17T09:00:00+00:00,140,1.1616,1.1616,real
6,2026-02-17T09:00:00+00:00,145,1.1355,1.1355,real
6,2026-02-17T09:00:00+00:00,150,1.3573,1.3573,real
6,2026-02-17T09:00:00+00:00,155,1.5401,1.5401,real
6,2026-02-17T09:00:00+00:00,160,1.5009,1.5009,real
6,2026-02-17T09:00:00+00:00,165,1.5531,1.5531,real
6,2026-02-17T09:00:00+00:00,170,1.4879,1.4879,real
6,2026-02-17T09:00:00+00:00,175,1.1224,1.1224,real
6,2026-02-17T09:00:00+00:00,180,1.2268,1.2268,real
7,2026-02-17T09:00:00+00:00,0,0.0,0.0,real
7,2026-02-17T09:00:00+00:00,5,0.1566,-0.1566,real
7,2026-02-17T09:00:00+00:00,10,0.0783,-0.0783,real
7,2026-02-17T09:00:00+00:00,15,0.0131,0.0131,real
7,2026-02-17T09:00:00+00:00,20,0.1697,0.1697,real
7,2026-02-17T09:00:00+00:00,25,0.2219,0.2219,real
7,2026-02-17T09:00:00+00:00,30,0.0261,0.0261,real
7,2026-02-17T09:00:00+00:00,35,0.0131,0.0131,real
7,2026-02-17T09:00:00+00:00,40,0.0783,-0.0783,real
7,2026-02-17T09:00:00+00:00,45,0.1175,0.1175,real
7,2026-02-17T09:00:00+00:00,50,0.248,0.248,real
7,2026-02-17T09:00:00+00:00,55,0.2349,0.2349,real
7,2026-02-17T09:00:00+00:00,60,0.509,0.509,real
7,2026-02-17T09:00:00+00:00,65,0.5612,0.5612,real
7,2026-02-17T09:00:00+00:00,70,0.5351,0.5351,real
7,2026-02-17T09:00:00+00:00,75,0.4568,0.4568,real
7,2026-02-17T09:00:00+00:00,80,0.5221,0.5221,real
7,2026-02-17T09:00:00+00:00,85,0.4437,0.4437,real
7,2026-02-17T09:00:00+00:00,90,0.6265,0.6265,real
7,2026-02-17T09:00:00+00:00,95,0.757,0.757,real
7,2026-02-17T09:00:00+00:00,100,0.7831,0.7831,real
7,2026-02-17T09:00:00+00:00,105,0.8222,0.8222,real
7,2026-02-17T09:00:00+00:00,110,0.77,0.77,real
7,2026-02-17T09:00:00+00:00,115,0.8353,0.8353,real
7,2026-02-17T09:00:00+00:00,120,0.9005,0.9005,real
7,2026-02-17T09:00:00+00:00,125,1.2138,1.2138,real
7,2026-02-17T09:00:00+00:00,130,1.2399,1.2399,real
7,2026-02-17T09:00:00+00:00,135,1.1616,1.1616,real
7,2026-02-17T09:00:00+00:00,140,1.1616,1.1616,real
7,2026-02-17T09:00:00+00:00,145,1.1355,1.1355,real
7,2026-02-17T09:00:00+00:00,150,1.3573,1.3573,real
7,2026-02-17T09:00:00+00:00,155,1.5401,1.5401,real
7,2026-02-17T09:00:00+00:00,160,1.5009,1.5009,real
7,2026-02-17T09:00:00+00:00,165,1.5531,1.5531,real
7,2026-02-17T09:00:00+00:00,170,1.4879,1.4879,real
7,2026-02-17T09:00:00+00:00,175,1.1224,1.1224,real
7,2026-02-17T09:00:00+00:00,180,1.2268,1.2268,real
8,2026-02-17T15:00:00+00:00,-180,1.865,1.865,real
8,2026-02-17T15:00:00+00:00,-175,1.7468,1.7468,real
8,2026-02-17T15:00:00+00:00,-170,1.7205,1.7205,real
8,2026-02-17T15:00:00+00:00,-165,1.7468,1.7468,real
8,2026-02-17T15:00:00+00:00,-160,1.7731,1.7731,real
8,2026-02-17T15:00:00+00:00,-155,1.8387,1.8387,real
8,2026-02-17T15:00:00+00:00,-150,1.6417,1.6417,real
8,2026-02-17T15:00:00+00:00,-145,1.7731,1.7731,real
8,2026-02-17T15:00:00+00:00,-140,1.7993,1.7993,real
8,2026-02-17T15:00:00+00:00,-135,1.668,1.668,real
8,2026-02-17T15:00:00+00:00,-130,1.5366,1.5366,real
8,2026-02-17T15:00:00+00:00,-125,1.379,1.379,real
8,2026-02-17T15:00:00+00:00,-120,1.4578,1.4578,real
8,2026-02-17T15:00:00+00:00,-115,1.247,1.247,real
8,2026-02-17T15:00:00+00:00,-110,1.2486,1.2486,real
8,2026-02-17T15:00:00+00:00,-105,1.3528,1.3528,real
8,2026-02-17T15:00:00+00:00,-100,1.0244,1.0244,real
8,2026-02-17T15:00:00+00:00,-95,1.1689,1.1689,real
8,2026-02-17T15:00:00+00:00,-90,1.1229,1.1229,real
8,2026-02-17T15:00:00+00:00,-85,0.918,0.918,real
8,2026-02-17T15:00:00+00:00,-80,1.2561,1.2561,real
8,2026-02-17T15:00:00+00:00,-75,1.2607,1.2607,real
8,2026-02-17T15:00:00+00:00,-70,0.1313,-0.1313,real
8,2026-02-17T15:00:00+00:00,-65,0.3563,-0.3563,real
8,2026-02-17T15:00:00+00:00,-60,0.0263,0.0263,real
8,2026-02-17T15:00:00+00:00,-55,0.0667,-0.0667,real
8,2026-02-17T15:00:00+00:00,-50,0.2242,0.2242,real
8,2026-02-17T15:00:00+00:00,-30,0.1313,0.1313,real
8,2026-02-17T15:00:00+00:00,-25,0.394,0.394,real
8,2026-02-17T15:00:00+00:00,-20,0.1576,0.1576,real
8,2026-02-17T15:00:00+00:00,-15,0.1182,-0.1182,real
8,2026-02-17T15:00:00+00:00,-10,0.1707,-0.1707,real
8,2026-02-17T15:00:00+00:00,-5,0.3152,-0.3152,real
8,2026-02-17T15:00:00+00:00,0,0.0,0.0,real
8,2026-02-17T15:00:00+00:00,5,0.0394,0.0394,real
8,2026-02-17T15:00:00+00:00,10,0.1839,-0.1839,real
8,2026-02-17T15:00:00+00:00,15,0.4794,-0.4794,real
8,2026-02-17T15:00:00+00:00,20,0.5188,-0.5188,real
8,2026-02-17T15:00:00+00:00,25,0.9456,-0.9456,real
8,2026-02-17T15:00:00+00:00,30,0.9325,-0.9325,real
8,2026-02-17T15:00:00+00:00,35,1.0901,-1.0901,real
8,2026-02-17T15:00:00+00:00,40,1.1164,-1.1164,real
8,2026-02-17T15:00:00+00:00,45,1.077,-1.077,real
8,2026-02-17T15:00:00+00:00,50,1.1558,-1.1558,real
8,2026-02-17T15:00:00+00:00,55,1.0113,-1.0113,real
8,2026-02-17T15:00:00+00:00,60,0.88,-0.88,real
8,2026-02-17T15:00:00+00:00,65,0.7749,-0.7749,real
8,2026-02-17T15:00:00+00:00,70,0.7683,-0.7683,real
8,2026-02-17T15:00:00+00:00,75,0.6041,-0.6041,real
8,2026-02-17T15:00:00+00:00,80,0.6041,-0.6041,real
8,2026-02-17T15:00:00+00:00,85,0.6567,-0.6567,real
8,2026-02-17T15:00:00+00:00,90,0.6041,-0.6041,real
8,2026-02-17T15:00:00+00:00,95,0.8143,-0.8143,real
8,2026-02-17T15:00:00+00:00,100,0.8603,-0.8603,real
8,2026-02-17T15:00:00+00:00,105,0.6961,-0.6961,real
8,2026-02-17T15:00:00+00:00,110,0.486,-0.486,real
8,2026-02-17T15:00:00+00:00,115,0.4728,-0.4728,real
8,2026-02-17T15:00:00+00:00,120,0.7355,-0.7355,real
8,2026-02-17T15:00:00+00:00,125,0.9456,-0.9456,real
8,2026-02-17T15:00:00+00:00,130,0.88,-0.88,real
8,2026-02-17T15:00:00+00:00,135,1.0638,-1.0638,real
8,2026-02-17T15:00:00+00:00,140,1.0244,-1.0244,real
8,2026-02-17T15:00:00+00:00,145,0.8012,-0.8012,real
8,2026-02-17T15:00:00+00:00,150,0.8274,-0.8274,real
8,2026-02-17T15:00:00+00:00,155,0.7618,-0.7618,real
8,2026-02-17T15:00:00+00:00,160,0.7421,-0.7421,real
8,2026-02-17T15:00:00+00:00,165,0.7224,-0.7224,real
8,2026-02-17T15:00:00+00:00,170,0.8012,-0.8012,real
8,2026-02-17T15:00:00+00:00,175,0.7224,-0.7224,real
8,2026-02-17T15:00:00+00:00,180,0.6041,-0.6041,real
9,2026-02-19T09:00:00+00:00,0,0.0,0.0,real
9,2026-02-19T09:00:00+00:00,5,0.1614,-0.1614,real
9,2026-02-19T09:00:00+00:00,10,0.1863,-0.1863,real
9,2026-02-19T09:00:00+00:00,15,0.3725,-0.3725,real
9,2026-02-19T09:00:00+00:00,20,0.534,-0.534,real
9,2026-02-19T09:00:00+00:00,25,0.6706,-0.6706,real
9,2026-02-19T09:00:00+00:00,30,0.5588,-0.5588,real
9,2026-02-19T09:00:00+00:00,35,0.4719,-0.4719,real
9,2026-02-19T09:00:00+00:00,40,0.6581,-0.6581,real
9,2026-02-19T09:00:00+00:00,45,0.6457,-0.6457,real
9,2026-02-19T09:00:00+00:00,50,0.6333,-0.6333,real
9,2026-02-19T09:00:00+00:00,55,0.5588,-0.5588,real
9,2026-02-19T09:00:00+00:00,60,0.5961,-0.5961,real
9,2026-02-19T09:00:00+00:00,65,0.4346,-0.4346,real
9,2026-02-19T09:00:00+00:00,70,0.2608,-0.2608,real
9,2026-02-19T09:00:00+00:00,75,0.534,-0.534,real
9,2026-02-19T09:00:00+00:00,80,0.5464,-0.5464,real
9,2026-02-19T09:00:00+00:00,85,0.6581,-0.6581,real
9,2026-02-19T09:00:00+00:00,90,0.6085,-0.6085,real
9,2026-02-19T09:00:00+00:00,95,0.4719,-0.4719,real
9,2026-02-19T09:00:00+00:00,100,0.4346,-0.4346,real
9,2026-02-19T09:00:00+00:00,105,0.2608,-0.2608,real
9,2026-02-19T09:00:00+00:00,110,0.2235,-0.2235,real
9,2026-02-19T09:00:00+00:00,115,0.2732,-0.2732,real
9,2026-02-19T09:00:00+00:00,120,0.3601,-0.3601,real
9,2026-02-19T09:00:00+00:00,125,0.4098,-0.4098,real
9,2026-02-19T09:00:00+00:00,130,0.3353,-0.3353,real
9,2026-02-19T09:00:00+00:00,135,0.3477,-0.3477,real
9,2026-02-19T09:00:00+00:00,140,0.447,-0.447,real
9,2026-02-19T09:00:00+00:00,145,0.2856,-0.2856,real
9,2026-02-19T09:00:00+00:00,150,0.0497,-0.0497,real
9,2026-02-19T09:00:00+00:00,155,0.0124,-0.0124,real
9,2026-02-19T09:00:00+00:00,160,0.0621,0.0621,real
9,2026-02-19T09:00:00+00:00,165,0.0,0.0,real
9,2026-02-19T09:00:00+00:00,170,0.0745,-0.0745,real
9,2026-02-19T09:00:00+00:00,175,0.2235,-0.2235,real
9,2026-02-19T09:00:00+00:00,180,0.1738,-0.1738,real
10,2026-03-03T22:00:00+00:00,-180,0.4918,-0.4918,real
10,2026-03-03T22:00:00+00:00,-175,0.3385,-0.3385,real
10,2026-03-03T22:00:00+00:00,-170,0.5795,-0.5795,real
10,2026-03-03T22:00:00+00:00,-165,0.7438,-0.7438,real
10,2026-03-03T22:00:00+00:00,-160,0.9356,-0.9356,real
10,2026-03-03T22:00:00+00:00,-155,0.5576,-0.5576,real
10,2026-03-03T22:00:00+00:00,-150,0.3385,-0.3385,real
10,2026-03-03T22:00:00+00:00,-145,2.2668,-2.2668,real
10,2026-03-03T22:00:00+00:00,-140,3.7131,-3.7131,real
10,2026-03-03T22:00:00+00:00,-135,2.968,-2.968,real
10,2026-03-03T22:00:00+00:00,-130,2.3983,-2.3983,real
10,2026-03-03T22:00:00+00:00,-125,1.8614,-1.8614,real
10,2026-03-03T22:00:00+00:00,-120,1.6642,-1.6642,real
10,2026-03-03T22:00:00+00:00,-115,2.4093,-2.4093,real
10,2026-03-03T22:00:00+00:00,-110,2.1792,-2.1792,real
10,2026-03-03T22:00:00+00:00,-105,2.0696,-2.0696,real
10,2026-03-03T22:00:00+00:00,-100,2.3545,-2.3545,real
10,2026-03-03T22:00:00+00:00,-95,2.0696,-2.0696,real
10,2026-03-03T22:00:00+00:00,-90,1.6423,-1.6423,real
10,2026-03-03T22:00:00+00:00,-85,1.3574,-1.3574,real
10,2026-03-03T22:00:00+00:00,-80,1.6642,-1.6642,real
10,2026-03-03T22:00:00+00:00,-75,1.4999,-1.4999,real
10,2026-03-03T22:00:00+00:00,-70,1.6313,-1.6313,real
10,2026-03-03T22:00:00+00:00,-65,1.1931,-1.1931,real
10,2026-03-03T22:00:00+00:00,-60,1.0178,-1.0178,real
10,2026-03-03T22:00:00+00:00,-55,0.5795,-0.5795,real
10,2026-03-03T22:00:00+00:00,-50,0.4042,-0.4042,real
10,2026-03-03T22:00:00+00:00,-45,0.5258,-0.5258,real
10,2026-03-03T22:00:00+00:00,-40,0.6124,-0.6124,real
10,2026-03-03T22:00:00+00:00,-35,0.4371,-0.4371,real
10,2026-03-03T22:00:00+00:00,-30,0.3987,-0.3987,real
10,2026-03-03T22:00:00+00:00,-25,0.4486,-0.4486,real
10,2026-03-03T22:00:00+00:00,-20,0.1851,-0.1851,real
10,2026-03-03T22:00:00+00:00,-15,0.0669,0.0669,real
10,2026-03-03T22:00:00+00:00,-10,0.2546,-0.2546,real
10,2026-03-03T22:00:00+00:00,-5,0.196,-0.196,real
10,2026-03-03T22:00:00+00:00,0,0.0,0.0,real
10,2026-03-03T22:00:00+00:00,5,0.1303,-0.1303,real
10,2026-03-03T22:00:00+00:00,10,0.0231,0.0231,real
10,2026-03-03T22:00:00+00:00,15,0.3604,-0.3604,real
10,2026-03-03T22:00:00+00:00,20,0.102,-0.102,real
10,2026-03-03T22:00:00+00:00,25,0.1193,-0.1193,real
10,2026-03-03T22:00:00+00:00,30,0.2015,-0.2015,real
10,2026-03-03T22:00:00+00:00,35,0.2289,-0.2289,real
10,2026-03-03T22:00:00+00:00,40,0.1851,-0.1851,real
10,2026-03-03T22:00:00+00:00,45,0.129,-0.129,real
10,2026-03-03T22:00:00+00:00,50,0.1018,-0.1018,real
10,2026-03-03T22:00:00+00:00,55,0.0755,-0.0755,real
10,2026-03-03T22:00:00+00:00,60,0.459,-0.459,real
10,2026-03-03T22:00:00+00:00,65,0.3943,-0.3943,real
10,2026-03-03T22:00:00+00:00,70,0.2398,-0.2398,real
10,2026-03-03T22:00:00+00:00,75,0.0207,-0.0207,real
10,2026-03-03T22:00:00+00:00,80,0.1875,0.1875,real
10,2026-03-03T22:00:00+00:00,85,0.3069,0.3069,real
10,2026-03-03T22:00:00+00:00,90,0.3409,0.3409,real
10,2026-03-03T22:00:00+00:00,95,0.4066,0.4066,real
10,2026-03-03T22:00:00+00:00,100,0.2916,0.2916,real
10,2026-03-03T22:00:00+00:00,105,0.5271,0.5271,real
10,2026-03-03T22:00:00+00:00,110,0.4526,0.4526,real
10,2026-03-03T22:00:00+00:00,115,0.7024,0.7024,real
11,2026-03-10T08:00:00+00:00,0,0.0,0.0,real
11,2026-03-10T08:00:00+00:00,5,0.5931,0.5931,real
11,2026-03-10T08:00:00+00:00,10,0.8419,0.8419,real
11,2026-03-10T08:00:00+00:00,15,1.0045,1.0045,real
11,2026-03-10T08:00:00+00:00,20,0.6123,0.6123,real
11,2026-03-10T08:00:00+00:00,25,1.215,1.215,real
11,2026-03-10T08:00:00+00:00,30,1.9229,1.9229,real
11,2026-03-10T08:00:00+00:00,35,2.3343,2.3343,real
11,2026-03-10T08:00:00+00:00,40,1.9707,1.9707,real
11,2026-03-10T08:00:00+00:00,45,1.6837,1.6837,real
11,2026-03-10T08:00:00+00:00,50,2.3056,2.3056,real
11,2026-03-10T08:00:00+00:00,55,2.6691,2.6691,real
11,2026-03-10T08:00:00+00:00,60,1.9516,1.9516,real
11,2026-03-10T08:00:00+00:00,65,1.6837,1.6837,real
11,2026-03-10T08:00:00+00:00,70,1.1289,1.1289,real
11,2026-03-10T08:00:00+00:00,75,0.5453,0.5453,real
11,2026-03-10T08:00:00+00:00,80,1.3872,1.3872,real
11,2026-03-10T08:00:00+00:00,85,1.0906,1.0906,real
11,2026-03-10T08:00:00+00:00,90,1.1097,1.1097,real
11,2026-03-10T08:00:00+00:00,95,0.0574,-0.0574,real
11,2026-03-10T08:00:00+00:00,100,0.067,0.067,real
11,2026-03-10T08:00:00+00:00,105,0.1818,0.1818,real
11,2026-03-10T08:00:00+00:00,110,0.067,0.067,real
11,2026-03-10T08:00:00+00:00,115,0.5836,0.5836,real
11,2026-03-10T08:00:00+00:00,120,1.0715,1.0715,real
11,2026-03-10T08:00:00+00:00,125,1.7698,1.7698,real
11,2026-03-10T08:00:00+00:00,130,2.363,2.363,real
11,2026-03-10T08:00:00+00:00,135,2.5352,2.5352,real
11,2026-03-10T08:00:00+00:00,140,1.789,1.789,real
11,2026-03-10T08:00:00+00:00,145,1.7507,1.7507,real
11,2026-03-10T08:00:00+00:00,150,2.7648,2.7648,real
11,2026-03-10T08:00:00+00:00,155,3.2335,3.2335,real
11,2026-03-10T08:00:00+00:00,160,2.4586,2.4586,real
11,2026-03-10T08:00:00+00:00,165,2.3151,2.3151,real
11,2026-03-10T08:00:00+00:00,170,2.0473,2.0473,real
11,2026-03-10T08:00:00+00:00,175,2.1525,2.1525,real
11,2026-03-10T08:00:00+00:00,180,0.354,0.354,real
12,2026-03-23T08:00:00+00:00,0,0.0,0.0,real
12,2026-03-23T08:00:00+00:00,5,0.271,-0.271,real
12,2026-03-23T08:00:00+00:00,10,0.4144,-0.4144,real
12,2026-03-23T08:00:00+00:00,15,0.4622,-0.4622,real
12,2026-03-23T08:00:00+00:00,20,0.4144,-0.4144,real
12,2026-03-23T08:00:00+00:00,25,0.3028,-0.3028,real
12,2026-03-23T08:00:00+00:00,30,0.9962,-0.9962,real
12,2026-03-23T08:00:00+00:00,35,1.036,-1.036,real
12,2026-03-23T08:00:00+00:00,40,0.9882,-0.9882,real
12,2026-03-23T08:00:00+00:00,45,1.0679,-1.0679,real
12,2026-03-23T08:00:00+00:00,50,1.1476,-1.1476,real
12,2026-03-23T08:00:00+00:00,55,1.3548,-1.3548,real
12,2026-03-23T08:00:00+00:00,60,1.4982,-1.4982,real
12,2026-03-23T08:00:00+00:00,65,1.7772,-1.7772,real
12,2026-03-23T08:00:00+00:00,70,2.3111,-2.3111,real
12,2026-03-23T08:00:00+00:00,75,2.5183,-2.5183,real
12,2026-03-23T08:00:00+00:00,80,2.0561,-2.0561,real
12,2026-03-23T08:00:00+00:00,85,1.8091,-1.8091,real
12,2026-03-23T08:00:00+00:00,90,1.5779,-1.5779,real
12,2026-03-23T08:00:00+00:00,95,1.4106,-1.4106,real
12,2026-03-23T08:00:00+00:00,100,1.5222,-1.5222,real
12,2026-03-23T08:00:00+00:00,105,1.6018,-1.6018,real
12,2026-03-23T08:00:00+00:00,110,1.7055,-1.7055,real
12,2026-03-23T08:00:00+00:00,115,1.817,-1.817,real
12,2026-03-23T08:00:00+00:00,120,1.6178,-1.6178,real
12,2026-03-23T08:00:00+00:00,125,1.57,-1.57,real
12,2026-03-23T08:00:00+00:00,130,1.7055,-1.7055,real
12,2026-03-23T08:00:00+00:00,135,1.7692,-1.7692,real
12,2026-03-23T08:00:00+00:00,140,1.5142,-1.5142,real
12,2026-03-23T08:00:00+00:00,145,1.5381,-1.5381,real
12,2026-03-23T08:00:00+00:00,150,2.0322,-2.0322,real
12,2026-03-23T08:00:00+00:00,155,1.833,-1.833,real
12,2026-03-23T08:00:00+00:00,160,2.1677,-2.1677,real
12,2026-03-23T08:00:00+00:00,165,2.5661,-2.5661,real
12,2026-03-23T08:00:00+00:00,170,2.2872,-2.2872,real
12,2026-03-23T08:00:00+00:00,175,2.1597,-2.1597,real
12,2026-03-23T08:00:00+00:00,180,2.1039,-2.1039,real
13,2026-03-23T14:25:00+00:00,-180,1.2919,1.2919,real
13,2026-03-23T14:25:00+00:00,-175,0.6639,0.6639,real
13,2026-03-23T14:25:00+00:00,-170,1.4983,1.4983,real
13,2026-03-23T14:25:00+00:00,-165,1.9648,1.9648,real
13,2026-03-23T14:25:00+00:00,-160,2.0187,2.0187,real
13,2026-03-23T14:25:00+00:00,-155,2.4493,2.4493,real
13,2026-03-23T14:25:00+00:00,-150,3.4093,3.4093,real
13,2026-03-23T14:25:00+00:00,-145,3.7518,3.7518,real
13,2026-03-23T14:25:00+00:00,-140,3.499,3.499,real
13,2026-03-23T14:25:00+00:00,-135,3.3061,3.3061,real
13,2026-03-23T14:25:00+00:00,-130,2.3775,2.3775,real
13,2026-03-23T14:25:00+00:00,-125,2.2699,2.2699,real
13,2026-03-23T14:25:00+00:00,-120,2.4178,2.4178,real
13,2026-03-23T14:25:00+00:00,-115,2.1175,2.1175,real
13,2026-03-23T14:25:00+00:00,-110,1.9372,1.9372,real
13,2026-03-23T14:25:00+00:00,-105,0.1563,0.1563,real
13,2026-03-23T14:25:00+00:00,-100,0.8434,-0.8434,real
13,2026-03-23T14:25:00+00:00,-95,0.0228,0.0228,real
13,2026-03-23T14:25:00+00:00,-90,0.0196,-0.0196,real
13,2026-03-23T14:25:00+00:00,-85,0.2512,-0.2512,real
13,2026-03-23T14:25:00+00:00,-80,0.1514,-0.1514,real
13,2026-03-23T14:25:00+00:00,-75,0.835,0.835,real
13,2026-03-23T14:25:00+00:00,-55,1.3547,1.3547,real
13,2026-03-23T14:25:00+00:00,-50,0.4172,0.4172,real
13,2026-03-23T14:25:00+00:00,-45,0.1166,0.1166,real
13,2026-03-23T14:25:00+00:00,-40,0.7985,-0.7985,real
13,2026-03-23T14:25:00+00:00,-35,0.4396,-0.4396,real
13,2026-03-23T14:25:00+00:00,-30,0.3678,-0.3678,real
13,2026-03-23T14:25:00+00:00,-25,1.1484,-1.1484,real
13,2026-03-23T14:25:00+00:00,-20,0.8478,-0.8478,real
13,2026-03-23T14:25:00+00:00,-15,0.5293,-0.5293,real
13,2026-03-23T14:25:00+00:00,-10,0.9959,-0.9959,real
13,2026-03-23T14:25:00+00:00,-5,1.2561,-1.2561,real
13,2026-03-23T14:25:00+00:00,0,0.0,0.0,real
13,2026-03-23T14:25:00+00:00,5,0.0314,-0.0314,real
13,2026-03-23T14:25:00+00:00,10,0.2243,0.2243,real
13,2026-03-23T14:25:00+00:00,15,0.7894,0.7894,real
13,2026-03-23T14:25:00+00:00,20,0.0987,0.0987,real
13,2026-03-23T14:25:00+00:00,25,0.1878,0.1878,real
13,2026-03-23T14:25:00+00:00,30,0.2063,-0.2063,real
13,2026-03-23T14:25:00+00:00,35,3.0406,-3.0406,real
13,2026-03-23T14:25:00+00:00,40,3.6515,-3.6515,real
13,2026-03-23T14:25:00+00:00,45,4.0734,-4.0734,real
13,2026-03-23T14:25:00+00:00,50,2.9248,-2.9248,real
13,2026-03-23T14:25:00+00:00,55,3.3285,-3.3285,real
13,2026-03-23T14:25:00+00:00,60,2.7813,-2.7813,real
13,2026-03-23T14:25:00+00:00,65,2.8351,-2.8351,real
13,2026-03-23T14:25:00+00:00,70,1.7046,-1.7046,real
13,2026-03-23T14:25:00+00:00,75,0.9331,-0.9331,real
13,2026-03-23T14:25:00+00:00,80,0.9509,-0.9509,real
13,2026-03-23T14:25:00+00:00,85,0.6415,0.6415,real
13,2026-03-23T14:25:00+00:00,90,1.1394,1.1394,real
13,2026-03-23T14:25:00+00:00,95,1.4714,1.4714,real
13,2026-03-23T14:25:00+00:00,100,1.1215,1.1215,real
13,2026-03-23T14:25:00+00:00,105,1.4534,1.4534,real
13,2026-03-23T14:25:00+00:00,110,1.7764,1.7764,real
13,2026-03-23T14:25:00+00:00,115,1.9469,1.9469,real
13,2026-03-23T14:25:00+00:00,120,2.3955,2.3955,real
13,2026-03-23T14:25:00+00:00,125,1.2112,1.2112,real
13,2026-03-23T14:25:00+00:00,130,1.0315,1.0315,real
13,2026-03-23T14:25:00+00:00,135,0.4721,0.4721,real
13,2026-03-23T14:25:00+00:00,140,0.5921,0.5921,real
13,2026-03-23T14:25:00+00:00,145,0.1794,-0.1794,real
13,2026-03-23T14:25:00+00:00,150,0.1974,0.1974,real
13,2026-03-23T14:25:00+00:00,155,0.4743,0.4743,real
13,2026-03-23T14:25:00+00:00,160,0.0081,-0.0081,real
13,2026-03-23T14:25:00+00:00,165,0.637,0.637,real
13,2026-03-23T14:25:00+00:00,170,0.2064,0.2064,real
13,2026-03-23T14:25:00+00:00,175,0.0987,0.0987,real
13,2026-03-23T14:25:00+00:00,180,0.305,-0.305,real
14,2026-03-24T19:45:00+00:00,-180,0.9331,0.9331,real
14,2026-03-24T19:45:00+00:00,-175,1.0646,1.0646,real
14,2026-03-24T19:45:00+00:00,-170,1.1521,1.1521,real
14,2026-03-24T19:45:00+00:00,-165,1.4062,1.4062,real
14,2026-03-24T19:45:00+00:00,-160,1.6559,1.6559,real
14,2026-03-24T19:45:00+00:00,-155,1.7479,1.7479,real
14,2026-03-24T19:45:00+00:00,-150,1.45,1.45,real
14,2026-03-24T19:45:00+00:00,-145,1.5902,1.5902,real
14,2026-03-24T19:45:00+00:00,-140,1.4588,1.4588,real
14,2026-03-24T19:45:00+00:00,-135,1.3011,1.3011,real
14,2026-03-24T19:45:00+00:00,-130,1.1259,1.1259,real
14,2026-03-24T19:45:00+00:00,-125,1.3887,1.3887,real
14,2026-03-24T19:45:00+00:00,-120,1.2485,1.2485,real
14,2026-03-24T19:45:00+00:00,-115,1.0163,1.0163,real
14,2026-03-24T19:45:00+00:00,-110,0.1796,0.1796,real
14,2026-03-24T19:45:00+00:00,-105,0.241,0.241,real
14,2026-03-24T19:45:00+00:00,-100,0.5914,0.5914,real
14,2026-03-24T19:45:00+00:00,-95,0.6878,0.6878,real
14,2026-03-24T19:45:00+00:00,-90,0.3023,0.3023,real
14,2026-03-24T19:45:00+00:00,-85,0.7316,0.7316,real
14,2026-03-24T19:45:00+00:00,-80,0.7491,0.7491,real
14,2026-03-24T19:45:00+00:00,-75,0.6308,0.6308,real
14,2026-03-24T19:45:00+00:00,-70,0.5388,-0.5388,real
14,2026-03-24T19:45:00+00:00,-65,0.2672,0.2672,real
14,2026-03-24T19:45:00+00:00,-60,0.4249,0.4249,real
14,2026-03-24T19:45:00+00:00,-55,0.1533,0.1533,real
14,2026-03-24T19:45:00+00:00,-50,0.2147,0.2147,real
14,2026-03-24T19:45:00+00:00,-45,0.1577,-0.1577,real
14,2026-03-24T19:45:00+00:00,-40,0.276,-0.276,real
14,2026-03-24T19:45:00+00:00,-35,0.1752,-0.1752,real
14,2026-03-24T19:45:00+00:00,-30,0.0832,-0.0832,real
14,2026-03-24T19:45:00+00:00,-25,0.0921,-0.0921,real
14,2026-03-24T19:45:00+00:00,-20,0.0569,0.0569,real
14,2026-03-24T19:45:00+00:00,-15,0.0044,0.0044,real
14,2026-03-24T19:45:00+00:00,-10,0.2234,0.2234,real
14,2026-03-24T19:45:00+00:00,-5,0.0131,-0.0131,real
14,2026-03-24T19:45:00+00:00,0,0.0,0.0,real
14,2026-03-24T19:45:00+00:00,5,0.1314,0.1314,real
14,2026-03-24T19:45:00+00:00,10,0.3505,0.3505,real
14,2026-03-24T19:45:00+00:00,15,0.2497,0.2497,real
14,2026-03-24T19:45:00+00:00,20,0.3024,0.3024,real
14,2026-03-24T19:45:00+00:00,25,0.3801,0.3801,real
14,2026-03-24T19:45:00+00:00,30,0.2675,-0.2675,real
14,2026-03-24T19:45:00+00:00,35,3.9558,-3.9558,real
14,2026-03-24T19:45:00+00:00,40,3.0096,-3.0096,real
14,2026-03-24T19:45:00+00:00,45,2.5454,-2.5454,real
14,2026-03-24T19:45:00+00:00,50,3.7038,-3.7038,real
14,2026-03-24T19:45:00+00:00,55,2.8957,-2.8957,real
14,2026-03-24T19:45:00+00:00,60,3.6141,-3.6141,real
14,2026-03-24T19:45:00+00:00,65,3.9103,-3.9103,real
14,2026-03-24T19:45:00+00:00,70,3.5353,-3.5353,real
14,2026-03-24T19:45:00+00:00,75,3.4477,-3.4477,real
14,2026-03-24T19:45:00+00:00,80,3.4401,-3.4401,real
14,2026-03-24T19:45:00+00:00,85,3.5178,-3.5178,real
14,2026-03-24T19:45:00+00:00,90,3.4026,-3.4026,real
14,2026-03-24T19:45:00+00:00,95,3.3953,-3.3953,real
14,2026-03-24T19:45:00+00:00,100,3.417,-3.417,real
14,2026-03-24T19:45:00+00:00,105,3.4128,-3.4128,real
14,2026-03-24T19:45:00+00:00,110,3.4433,-3.4433,real
14,2026-03-24T19:45:00+00:00,115,3.4389,-3.4389,real
14,2026-03-24T19:45:00+00:00,120,3.5002,-3.5002,real
14,2026-03-24T19:45:00+00:00,125,3.474,-3.474,real
14,2026-03-24T19:45:00+00:00,130,3.325,-3.325,real
14,2026-03-24T19:45:00+00:00,135,3.2474,-3.2474,real
14,2026-03-24T19:45:00+00:00,140,3.4126,-3.4126,real
14,2026-03-24T19:45:00+00:00,145,3.2199,-3.2199,real
14,2026-03-24T19:45:00+00:00,150,2.7447,-2.7447,real
14,2026-03-24T19:45:00+00:00,155,2.8716,-2.8716,real
14,2026-03-24T19:45:00+00:00,160,2.7467,-2.7467,real
14,2026-03-24T19:45:00+00:00,165,2.9328,-2.9328,real
14,2026-03-24T19:45:00+00:00,170,2.8976,-2.8976,real
14,2026-03-24T19:45:00+00:00,175,2.7993,-2.7993,real
14,2026-03-24T19:45:00+00:00,180,2.8781,-2.8781,real
15,2026-04-07T20:10:00+00:00,-180,2.998,2.998,real
15,2026-04-07T20:10:00+00:00,-175,3.1359,3.1359,real
15,2026-04-07T20:10:00+00:00,-170,3.35,3.35,real
15,2026-04-07T20:10:00+00:00,-165,3.3174,3.3174,real
15,2026-04-07T20:10:00+00:00,-160,2.5552,2.5552,real
15,2026-04-07T20:10:00+00:00,-155,2.4245,2.4245,real
15,2026-04-07T20:10:00+00:00,-150,2.5915,2.5915,real
15,2026-04-07T20:10:00+00:00,-145,2.4826,2.4826,real
15,2026-04-07T20:10:00+00:00,-140,2.2494,2.2494,real
15,2026-04-07T20:10:00+00:00,-135,2.4826,2.4826,real
15,2026-04-07T20:10:00+00:00,-130,2.2574,2.2574,real
15,2026-04-07T20:10:00+00:00,-125,2.3447,2.3447,real
15,2026-04-07T20:10:00+00:00,-120,2.2793,2.2793,real
15,2026-04-07T20:10:00+00:00,-115,1.8439,1.8439,real
15,2026-04-07T20:10:00+00:00,-110,2.0616,2.0616,real
15,2026-04-07T20:10:00+00:00,-105,1.5752,1.5752,real
15,2026-04-07T20:10:00+00:00,-100,1.7274,1.7274,real
15,2026-04-07T20:10:00+00:00,-95,2.018,2.018,real
15,2026-04-07T20:10:00+00:00,-90,2.3991,2.3991,real
15,2026-04-07T20:10:00+00:00,-85,2.4578,2.4578,real
15,2026-04-07T20:10:00+00:00,-80,2.6895,2.6895,real
15,2026-04-07T20:10:00+00:00,-75,2.6935,2.6935,real
15,2026-04-07T20:10:00+00:00,-70,2.5406,2.5406,real
15,2026-04-07T20:10:00+00:00,-65,2.8528,2.8528,real
15,2026-04-07T20:10:00+00:00,-60,2.7221,2.7221,real
15,2026-04-07T20:10:00+00:00,-55,0.7404,0.7404,real
15,2026-04-07T20:10:00+00:00,-50,1.3428,1.3428,real
15,2026-04-07T20:10:00+00:00,-45,1.2413,1.2413,real
15,2026-04-07T20:10:00+00:00,-40,1.6151,1.6151,real
15,2026-04-07T20:10:00+00:00,-35,1.5171,1.5171,real
15,2026-04-07T20:10:00+00:00,-30,1.3791,1.3791,real
15,2026-04-07T20:10:00+00:00,-25,0.0653,0.0653,real
15,2026-04-07T20:10:00+00:00,-20,0.2395,0.2395,real
15,2026-04-07T20:10:00+00:00,-15,0.2395,0.2395,real
15,2026-04-07T20:10:00+00:00,-10,0.6242,-0.6242,real
15,2026-04-07T20:10:00+00:00,-5,0.1813,-0.1813,real
15,2026-04-07T20:10:00+00:00,0,0.0,0.0,real
15,2026-04-07T20:10:00+00:00,5,0.2392,-0.2392,real
15,2026-04-07T20:10:00+00:00,10,0.0436,-0.0436,real
15,2026-04-07T20:10:00+00:00,15,0.4864,-0.4864,real
15,2026-04-07T20:10:00+00:00,20,0.7985,-0.7985,real
15,2026-04-07T20:10:00+00:00,25,0.0719,0.0719,real
15,2026-04-07T20:10:00+00:00,30,0.6098,-0.6098,real
15,2026-04-07T20:10:00+00:00,35,0.4646,-0.4646,real
15,2026-04-07T20:10:00+00:00,40,0.4791,-0.4791,real
15,2026-04-07T20:10:00+00:00,45,0.9364,-0.9364,real
15,2026-04-07T20:10:00+00:00,50,1.2413,-1.2413,real
15,2026-04-07T20:10:00+00:00,55,1.0961,-1.0961,real
15,2026-04-07T20:10:00+00:00,60,1.1687,-1.1687,real
15,2026-04-07T20:10:00+00:00,65,1.0925,-1.0925,real
15,2026-04-07T20:10:00+00:00,70,1.0453,-1.0453,real
15,2026-04-07T20:10:00+00:00,75,0.8057,-0.8057,real
15,2026-04-07T20:10:00+00:00,80,0.8783,-0.8783,real
15,2026-04-07T20:10:00+00:00,85,1.3139,-1.3139,real
15,2026-04-07T20:10:00+00:00,90,1.2287,-1.2287,real
15,2026-04-07T20:10:00+00:00,95,1.1901,-1.1901,real
15,2026-04-07T20:10:00+00:00,100,1.0894,-1.0894,real
15,2026-04-07T20:10:00+00:00,105,1.2776,-1.2776,real
15,2026-04-07T20:10:00+00:00,110,3.1214,-3.1214,real
15,2026-04-07T20:10:00+00:00,115,3.3246,-3.3246,real
15,2026-04-07T20:10:00+00:00,120,3.0052,-3.0052,real
15,2026-04-07T20:10:00+00:00,125,2.7003,-2.7003,real
15,2026-04-07T20:10:00+00:00,130,2.9181,-2.9181,real
15,2026-04-07T20:10:00+00:00,135,2.9544,-2.9544,real
15,2026-04-07T20:10:00+00:00,140,5.7056,-5.7056,real
15,2026-04-07T20:10:00+00:00,145,8.2535,-8.2535,real
15,2026-04-07T20:10:00+00:00,150,7.1138,-7.1138,real
15,2026-04-07T20:10:00+00:00,155,7.9652,-7.9652,real
15,2026-04-07T20:10:00+00:00,160,9.0592,-9.0592,real
15,2026-04-07T20:10:00+00:00,165,9.3641,-9.3641,real
15,2026-04-07T20:10:00+00:00,170,12.2532,-12.2532,real
15,2026-04-07T20:10:00+00:00,175,12.3621,-12.3621,real
15,2026-04-07T20:10:00+00:00,180,12.3439,-12.3439,real
1,2026-02-03T18:45:00+00:00,-180,0.484,-0.484,shifted_+24h
1,2026-02-03T18:45:00+00:00,-175,0.5101,-0.5101,shifted_+24h
1,2026-02-03T18:45:00+00:00,-170,0.7325,-0.7325,shifted_+24h
1,2026-02-03T18:45:00+00:00,-165,0.8044,-0.8044,shifted_+24h
1,2026-02-03T18:45:00+00:00,-160,0.7063,-0.7063,shifted_+24h
1,2026-02-03T18:45:00+00:00,-155,0.6082,-0.6082,shifted_+24h
1,2026-02-03T18:45:00+00:00,-150,0.6148,-0.6148,shifted_+24h
1,2026-02-03T18:45:00+00:00,-145,0.484,-0.484,shifted_+24h
1,2026-02-03T18:45:00+00:00,-140,0.484,-0.484,shifted_+24h
1,2026-02-03T18:45:00+00:00,-135,0.4578,-0.4578,shifted_+24h
1,2026-02-03T18:45:00+00:00,-130,0.5036,-0.5036,shifted_+24h
1,2026-02-03T18:45:00+00:00,-125,0.7456,-0.7456,shifted_+24h
1,2026-02-03T18:45:00+00:00,-120,0.6933,-0.6933,shifted_+24h
1,2026-02-03T18:45:00+00:00,-115,0.8371,-0.8371,shifted_+24h
1,2026-02-03T18:45:00+00:00,-110,0.8241,-0.8241,shifted_+24h
1,2026-02-03T18:45:00+00:00,-105,0.8895,-0.8895,shifted_+24h
1,2026-02-03T18:45:00+00:00,-100,0.9156,-0.9156,shifted_+24h
1,2026-02-03T18:45:00+00:00,-95,0.4186,0.4186,shifted_+24h
1,2026-02-03T18:45:00+00:00,-90,0.2224,0.2224,shifted_+24h
1,2026-02-03T18:45:00+00:00,-85,0.3401,-0.3401,shifted_+24h
1,2026-02-03T18:45:00+00:00,-80,0.1177,-0.1177,shifted_+24h
1,2026-02-03T18:45:00+00:00,-75,0.1635,0.1635,shifted_+24h
1,2026-02-03T18:45:00+00:00,-70,0.0131,0.0131,shifted_+24h
1,2026-02-03T18:45:00+00:00,-65,0.242,-0.242,shifted_+24h
1,2026-02-03T18:45:00+00:00,-60,0.1962,-0.1962,shifted_+24h
1,2026-02-03T18:45:00+00:00,-55,0.0916,0.0916,shifted_+24h
1,2026-02-03T18:45:00+00:00,-50,0.0916,-0.0916,shifted_+24h
1,2026-02-03T18:45:00+00:00,-45,0.0719,-0.0719,shifted_+24h
1,2026-02-03T18:45:00+00:00,-40,0.3793,-0.3793,shifted_+24h
1,2026-02-03T18:45:00+00:00,-35,0.1831,-0.1831,shifted_+24h
1,2026-02-03T18:45:00+00:00,-30,0.1831,-0.1831,shifted_+24h
1,2026-02-03T18:45:00+00:00,-25,0.3139,-0.3139,shifted_+24h
1,2026-02-03T18:45:00+00:00,-20,0.484,-0.484,shifted_+24h
1,2026-02-03T18:45:00+00:00,-15,0.3008,-0.3008,shifted_+24h
1,2026-02-03T18:45:00+00:00,-10,0.0131,0.0131,shifted_+24h
1,2026-02-03T18:45:00+00:00,-5,0.1177,0.1177,shifted_+24h
1,2026-02-03T18:45:00+00:00,0,0.0,0.0,shifted_+24h
1,2026-02-03T18:45:00+00:00,5,0.0785,-0.0785,shifted_+24h
1,2026-02-03T18:45:00+00:00,10,0.1962,-0.1962,shifted_+24h
1,2026-02-03T18:45:00+00:00,15,0.5363,-0.5363,shifted_+24h
1,2026-02-03T18:45:00+00:00,20,0.7194,-0.7194,shifted_+24h
1,2026-02-03T18:45:00+00:00,25,0.2093,-0.2093,shifted_+24h
1,2026-02-03T18:45:00+00:00,30,0.0523,-0.0523,shifted_+24h
1,2026-02-03T18:45:00+00:00,35,0.0785,0.0785,shifted_+24h
1,2026-02-03T18:45:00+00:00,40,0.0523,-0.0523,shifted_+24h
1,2026-02-03T18:45:00+00:00,45,0.1256,0.1256,shifted_+24h
1,2026-02-03T18:45:00+00:00,50,0.3532,0.3532,shifted_+24h
1,2026-02-03T18:45:00+00:00,55,0.3924,0.3924,shifted_+24h
1,2026-02-03T18:45:00+00:00,60,0.2616,0.2616,shifted_+24h
1,2026-02-03T18:45:00+00:00,65,0.2093,0.2093,shifted_+24h
1,2026-02-03T18:45:00+00:00,70,0.4186,0.4186,shifted_+24h
1,2026-02-03T18:45:00+00:00,75,0.5494,0.5494,shifted_+24h
1,2026-02-03T18:45:00+00:00,80,0.5101,0.5101,shifted_+24h
1,2026-02-03T18:45:00+00:00,85,0.6148,0.6148,shifted_+24h
1,2026-02-03T18:45:00+00:00,90,0.7718,0.7718,shifted_+24h
1,2026-02-03T18:45:00+00:00,95,1.0464,1.0464,shifted_+24h
1,2026-02-03T18:45:00+00:00,100,0.9745,0.9745,shifted_+24h
1,2026-02-03T18:45:00+00:00,105,1.1642,1.1642,shifted_+24h
1,2026-02-03T18:45:00+00:00,110,1.1772,1.1772,shifted_+24h
1,2026-02-03T18:45:00+00:00,115,1.2296,1.2296,shifted_+24h
1,2026-02-03T18:45:00+00:00,120,1.2688,1.2688,shifted_+24h
1,2026-02-03T18:45:00+00:00,125,1.465,1.465,shifted_+24h
1,2026-02-03T18:45:00+00:00,130,1.3407,1.3407,shifted_+24h
1,2026-02-03T18:45:00+00:00,135,1.3015,1.3015,shifted_+24h
1,2026-02-03T18:45:00+00:00,140,1.3844,1.3844,shifted_+24h
1,2026-02-03T18:45:00+00:00,145,1.3224,1.3224,shifted_+24h
1,2026-02-03T18:45:00+00:00,150,1.1642,1.1642,shifted_+24h
1,2026-02-03T18:45:00+00:00,155,1.1669,1.1669,shifted_+24h
1,2026-02-03T18:45:00+00:00,160,1.1838,1.1838,shifted_+24h
1,2026-02-03T18:45:00+00:00,165,1.1576,1.1576,shifted_+24h
1,2026-02-03T18:45:00+00:00,170,1.138,1.138,shifted_+24h
1,2026-02-03T18:45:00+00:00,175,0.9026,0.9026,shifted_+24h
1,2026-02-03T18:45:00+00:00,180,0.8568,0.8568,shifted_+24h
2,2026-02-03T18:45:00+00:00,-180,0.484,-0.484,shifted_+24h
2,2026-02-03T18:45:00+00:00,-175,0.5101,-0.5101,shifted_+24h
2,2026-02-03T18:45:00+00:00,-170,0.7325,-0.7325,shifted_+24h
2,2026-02-03T18:45:00+00:00,-165,0.8044,-0.8044,shifted_+24h
2,2026-02-03T18:45:00+00:00,-160,0.7063,-0.7063,shifted_+24h
2,2026-02-03T18:45:00+00:00,-155,0.6082,-0.6082,shifted_+24h
2,2026-02-03T18:45:00+00:00,-150,0.6148,-0.6148,shifted_+24h
2,2026-02-03T18:45:00+00:00,-145,0.484,-0.484,shifted_+24h
2,2026-02-03T18:45:00+00:00,-140,0.484,-0.484,shifted_+24h
2,2026-02-03T18:45:00+00:00,-135,0.4578,-0.4578,shifted_+24h
2,2026-02-03T18:45:00+00:00,-130,0.5036,-0.5036,shifted_+24h
2,2026-02-03T18:45:00+00:00,-125,0.7456,-0.7456,shifted_+24h
2,2026-02-03T18:45:00+00:00,-120,0.6933,-0.6933,shifted_+24h
2,2026-02-03T18:45:00+00:00,-115,0.8371,-0.8371,shifted_+24h
2,2026-02-03T18:45:00+00:00,-110,0.8241,-0.8241,shifted_+24h
2,2026-02-03T18:45:00+00:00,-105,0.8895,-0.8895,shifted_+24h
2,2026-02-03T18:45:00+00:00,-100,0.9156,-0.9156,shifted_+24h
2,2026-02-03T18:45:00+00:00,-95,0.4186,0.4186,shifted_+24h
2,2026-02-03T18:45:00+00:00,-90,0.2224,0.2224,shifted_+24h
2,2026-02-03T18:45:00+00:00,-85,0.3401,-0.3401,shifted_+24h
2,2026-02-03T18:45:00+00:00,-80,0.1177,-0.1177,shifted_+24h
2,2026-02-03T18:45:00+00:00,-75,0.1635,0.1635,shifted_+24h
2,2026-02-03T18:45:00+00:00,-70,0.0131,0.0131,shifted_+24h
2,2026-02-03T18:45:00+00:00,-65,0.242,-0.242,shifted_+24h
2,2026-02-03T18:45:00+00:00,-60,0.1962,-0.1962,shifted_+24h
2,2026-02-03T18:45:00+00:00,-55,0.0916,0.0916,shifted_+24h
2,2026-02-03T18:45:00+00:00,-50,0.0916,-0.0916,shifted_+24h
2,2026-02-03T18:45:00+00:00,-45,0.0719,-0.0719,shifted_+24h
2,2026-02-03T18:45:00+00:00,-40,0.3793,-0.3793,shifted_+24h
2,2026-02-03T18:45:00+00:00,-35,0.1831,-0.1831,shifted_+24h
2,2026-02-03T18:45:00+00:00,-30,0.1831,-0.1831,shifted_+24h
2,2026-02-03T18:45:00+00:00,-25,0.3139,-0.3139,shifted_+24h
2,2026-02-03T18:45:00+00:00,-20,0.484,-0.484,shifted_+24h
2,2026-02-03T18:45:00+00:00,-15,0.3008,-0.3008,shifted_+24h
2,2026-02-03T18:45:00+00:00,-10,0.0131,0.0131,shifted_+24h
2,2026-02-03T18:45:00+00:00,-5,0.1177,0.1177,shifted_+24h
2,2026-02-03T18:45:00+00:00,0,0.0,0.0,shifted_+24h
2,2026-02-03T18:45:00+00:00,5,0.0785,-0.0785,shifted_+24h
2,2026-02-03T18:45:00+00:00,10,0.1962,-0.1962,shifted_+24h
2,2026-02-03T18:45:00+00:00,15,0.5363,-0.5363,shifted_+24h
2,2026-02-03T18:45:00+00:00,20,0.7194,-0.7194,shifted_+24h
2,2026-02-03T18:45:00+00:00,25,0.2093,-0.2093,shifted_+24h
2,2026-02-03T18:45:00+00:00,30,0.0523,-0.0523,shifted_+24h
2,2026-02-03T18:45:00+00:00,35,0.0785,0.0785,shifted_+24h
2,2026-02-03T18:45:00+00:00,40,0.0523,-0.0523,shifted_+24h
2,2026-02-03T18:45:00+00:00,45,0.1256,0.1256,shifted_+24h
2,2026-02-03T18:45:00+00:00,50,0.3532,0.3532,shifted_+24h
2,2026-02-03T18:45:00+00:00,55,0.3924,0.3924,shifted_+24h
2,2026-02-03T18:45:00+00:00,60,0.2616,0.2616,shifted_+24h
2,2026-02-03T18:45:00+00:00,65,0.2093,0.2093,shifted_+24h
2,2026-02-03T18:45:00+00:00,70,0.4186,0.4186,shifted_+24h
2,2026-02-03T18:45:00+00:00,75,0.5494,0.5494,shifted_+24h
2,2026-02-03T18:45:00+00:00,80,0.5101,0.5101,shifted_+24h
2,2026-02-03T18:45:00+00:00,85,0.6148,0.6148,shifted_+24h
2,2026-02-03T18:45:00+00:00,90,0.7718,0.7718,shifted_+24h
2,2026-02-03T18:45:00+00:00,95,1.0464,1.0464,shifted_+24h
2,2026-02-03T18:45:00+00:00,100,0.9745,0.9745,shifted_+24h
2,2026-02-03T18:45:00+00:00,105,1.1642,1.1642,shifted_+24h
2,2026-02-03T18:45:00+00:00,110,1.1772,1.1772,shifted_+24h
2,2026-02-03T18:45:00+00:00,115,1.2296,1.2296,shifted_+24h
2,2026-02-03T18:45:00+00:00,120,1.2688,1.2688,shifted_+24h
2,2026-02-03T18:45:00+00:00,125,1.465,1.465,shifted_+24h
2,2026-02-03T18:45:00+00:00,130,1.3407,1.3407,shifted_+24h
2,2026-02-03T18:45:00+00:00,135,1.3015,1.3015,shifted_+24h
2,2026-02-03T18:45:00+00:00,140,1.3844,1.3844,shifted_+24h
2,2026-02-03T18:45:00+00:00,145,1.3224,1.3224,shifted_+24h
2,2026-02-03T18:45:00+00:00,150,1.1642,1.1642,shifted_+24h
2,2026-02-03T18:45:00+00:00,155,1.1669,1.1669,shifted_+24h
2,2026-02-03T18:45:00+00:00,160,1.1838,1.1838,shifted_+24h
2,2026-02-03T18:45:00+00:00,165,1.1576,1.1576,shifted_+24h
2,2026-02-03T18:45:00+00:00,170,1.138,1.138,shifted_+24h
2,2026-02-03T18:45:00+00:00,175,0.9026,0.9026,shifted_+24h
2,2026-02-03T18:45:00+00:00,180,0.8568,0.8568,shifted_+24h
3,2026-02-03T18:45:00+00:00,-180,0.484,-0.484,shifted_+24h
3,2026-02-03T18:45:00+00:00,-175,0.5101,-0.5101,shifted_+24h
3,2026-02-03T18:45:00+00:00,-170,0.7325,-0.7325,shifted_+24h
3,2026-02-03T18:45:00+00:00,-165,0.8044,-0.8044,shifted_+24h
3,2026-02-03T18:45:00+00:00,-160,0.7063,-0.7063,shifted_+24h
3,2026-02-03T18:45:00+00:00,-155,0.6082,-0.6082,shifted_+24h
3,2026-02-03T18:45:00+00:00,-150,0.6148,-0.6148,shifted_+24h
3,2026-02-03T18:45:00+00:00,-145,0.484,-0.484,shifted_+24h
3,2026-02-03T18:45:00+00:00,-140,0.484,-0.484,shifted_+24h
3,2026-02-03T18:45:00+00:00,-135,0.4578,-0.4578,shifted_+24h
3,2026-02-03T18:45:00+00:00,-130,0.5036,-0.5036,shifted_+24h
3,2026-02-03T18:45:00+00:00,-125,0.7456,-0.7456,shifted_+24h
3,2026-02-03T18:45:00+00:00,-120,0.6933,-0.6933,shifted_+24h
3,2026-02-03T18:45:00+00:00,-115,0.8371,-0.8371,shifted_+24h
3,2026-02-03T18:45:00+00:00,-110,0.8241,-0.8241,shifted_+24h
3,2026-02-03T18:45:00+00:00,-105,0.8895,-0.8895,shifted_+24h
3,2026-02-03T18:45:00+00:00,-100,0.9156,-0.9156,shifted_+24h
3,2026-02-03T18:45:00+00:00,-95,0.4186,0.4186,shifted_+24h
3,2026-02-03T18:45:00+00:00,-90,0.2224,0.2224,shifted_+24h
3,2026-02-03T18:45:00+00:00,-85,0.3401,-0.3401,shifted_+24h
3,2026-02-03T18:45:00+00:00,-80,0.1177,-0.1177,shifted_+24h
3,2026-02-03T18:45:00+00:00,-75,0.1635,0.1635,shifted_+24h
3,2026-02-03T18:45:00+00:00,-70,0.0131,0.0131,shifted_+24h
3,2026-02-03T18:45:00+00:00,-65,0.242,-0.242,shifted_+24h
3,2026-02-03T18:45:00+00:00,-60,0.1962,-0.1962,shifted_+24h
3,2026-02-03T18:45:00+00:00,-55,0.0916,0.0916,shifted_+24h
3,2026-02-03T18:45:00+00:00,-50,0.0916,-0.0916,shifted_+24h
3,2026-02-03T18:45:00+00:00,-45,0.0719,-0.0719,shifted_+24h
3,2026-02-03T18:45:00+00:00,-40,0.3793,-0.3793,shifted_+24h
3,2026-02-03T18:45:00+00:00,-35,0.1831,-0.1831,shifted_+24h
3,2026-02-03T18:45:00+00:00,-30,0.1831,-0.1831,shifted_+24h
3,2026-02-03T18:45:00+00:00,-25,0.3139,-0.3139,shifted_+24h
3,2026-02-03T18:45:00+00:00,-20,0.484,-0.484,shifted_+24h
3,2026-02-03T18:45:00+00:00,-15,0.3008,-0.3008,shifted_+24h
3,2026-02-03T18:45:00+00:00,-10,0.0131,0.0131,shifted_+24h
3,2026-02-03T18:45:00+00:00,-5,0.1177,0.1177,shifted_+24h
3,2026-02-03T18:45:00+00:00,0,0.0,0.0,shifted_+24h
3,2026-02-03T18:45:00+00:00,5,0.0785,-0.0785,shifted_+24h
3,2026-02-03T18:45:00+00:00,10,0.1962,-0.1962,shifted_+24h
3,2026-02-03T18:45:00+00:00,15,0.5363,-0.5363,shifted_+24h
3,2026-02-03T18:45:00+00:00,20,0.7194,-0.7194,shifted_+24h
3,2026-02-03T18:45:00+00:00,25,0.2093,-0.2093,shifted_+24h
3,2026-02-03T18:45:00+00:00,30,0.0523,-0.0523,shifted_+24h
3,2026-02-03T18:45:00+00:00,35,0.0785,0.0785,shifted_+24h
3,2026-02-03T18:45:00+00:00,40,0.0523,-0.0523,shifted_+24h
3,2026-02-03T18:45:00+00:00,45,0.1256,0.1256,shifted_+24h
3,2026-02-03T18:45:00+00:00,50,0.3532,0.3532,shifted_+24h
3,2026-02-03T18:45:00+00:00,55,0.3924,0.3924,shifted_+24h
3,2026-02-03T18:45:00+00:00,60,0.2616,0.2616,shifted_+24h
3,2026-02-03T18:45:00+00:00,65,0.2093,0.2093,shifted_+24h
3,2026-02-03T18:45:00+00:00,70,0.4186,0.4186,shifted_+24h
3,2026-02-03T18:45:00+00:00,75,0.5494,0.5494,shifted_+24h
3,2026-02-03T18:45:00+00:00,80,0.5101,0.5101,shifted_+24h
3,2026-02-03T18:45:00+00:00,85,0.6148,0.6148,shifted_+24h
3,2026-02-03T18:45:00+00:00,90,0.7718,0.7718,shifted_+24h
3,2026-02-03T18:45:00+00:00,95,1.0464,1.0464,shifted_+24h
3,2026-02-03T18:45:00+00:00,100,0.9745,0.9745,shifted_+24h
3,2026-02-03T18:45:00+00:00,105,1.1642,1.1642,shifted_+24h
3,2026-02-03T18:45:00+00:00,110,1.1772,1.1772,shifted_+24h
3,2026-02-03T18:45:00+00:00,115,1.2296,1.2296,shifted_+24h
3,2026-02-03T18:45:00+00:00,120,1.2688,1.2688,shifted_+24h
3,2026-02-03T18:45:00+00:00,125,1.465,1.465,shifted_+24h
3,2026-02-03T18:45:00+00:00,130,1.3407,1.3407,shifted_+24h
3,2026-02-03T18:45:00+00:00,135,1.3015,1.3015,shifted_+24h
3,2026-02-03T18:45:00+00:00,140,1.3844,1.3844,shifted_+24h
3,2026-02-03T18:45:00+00:00,145,1.3224,1.3224,shifted_+24h
3,2026-02-03T18:45:00+00:00,150,1.1642,1.1642,shifted_+24h
3,2026-02-03T18:45:00+00:00,155,1.1669,1.1669,shifted_+24h
3,2026-02-03T18:45:00+00:00,160,1.1838,1.1838,shifted_+24h
3,2026-02-03T18:45:00+00:00,165,1.1576,1.1576,shifted_+24h
3,2026-02-03T18:45:00+00:00,170,1.138,1.138,shifted_+24h
3,2026-02-03T18:45:00+00:00,175,0.9026,0.9026,shifted_+24h
3,2026-02-03T18:45:00+00:00,180,0.8568,0.8568,shifted_+24h
4,2026-02-05T15:35:00+00:00,-180,1.4641,1.4641,shifted_+24h
4,2026-02-05T15:35:00+00:00,-175,1.2278,1.2278,shifted_+24h
4,2026-02-05T15:35:00+00:00,-170,1.1752,1.1752,shifted_+24h
4,2026-02-05T15:35:00+00:00,-165,1.3853,1.3853,shifted_+24h
4,2026-02-05T15:35:00+00:00,-160,1.3985,1.3985,shifted_+24h
4,2026-02-05T15:35:00+00:00,-155,1.0964,1.0964,shifted_+24h
4,2026-02-05T15:35:00+00:00,-150,1.3459,1.3459,shifted_+24h
4,2026-02-05T15:35:00+00:00,-145,1.4284,1.4284,shifted_+24h
4,2026-02-05T15:35:00+00:00,-140,1.4641,1.4641,shifted_+24h
4,2026-02-05T15:35:00+00:00,-135,1.5035,1.5035,shifted_+24h
4,2026-02-05T15:35:00+00:00,-130,1.2278,1.2278,shifted_+24h
4,2026-02-05T15:35:00+00:00,-125,1.3591,1.3591,shifted_+24h
4,2026-02-05T15:35:00+00:00,-120,1.0964,1.0964,shifted_+24h
4,2026-02-05T15:35:00+00:00,-115,0.8995,0.8995,shifted_+24h
4,2026-02-05T15:35:00+00:00,-110,0.5843,0.5843,shifted_+24h
4,2026-02-05T15:35:00+00:00,-105,0.8732,0.8732,shifted_+24h
4,2026-02-05T15:35:00+00:00,-100,0.755,0.755,shifted_+24h
4,2026-02-05T15:35:00+00:00,-95,0.952,0.952,shifted_+24h
4,2026-02-05T15:35:00+00:00,-90,0.8207,0.8207,shifted_+24h
4,2026-02-05T15:35:00+00:00,-85,0.3742,0.3742,shifted_+24h
4,2026-02-05T15:35:00+00:00,-65,0.7944,0.7944,shifted_+24h
4,2026-02-05T15:35:00+00:00,-60,0.7025,0.7025,shifted_+24h
4,2026-02-05T15:35:00+00:00,-55,0.8864,0.8864,shifted_+24h
4,2026-02-05T15:35:00+00:00,-50,1.1358,1.1358,shifted_+24h
4,2026-02-05T15:35:00+00:00,-45,1.0702,1.0702,shifted_+24h
4,2026-02-05T15:35:00+00:00,-40,1.0571,1.0571,shifted_+24h
4,2026-02-05T15:35:00+00:00,-35,0.8601,0.8601,shifted_+24h
4,2026-02-05T15:35:00+00:00,-30,0.9257,0.9257,shifted_+24h
4,2026-02-05T15:35:00+00:00,-25,0.6763,0.6763,shifted_+24h
4,2026-02-05T15:35:00+00:00,-20,0.755,0.755,shifted_+24h
4,2026-02-05T15:35:00+00:00,-15,0.3348,0.3348,shifted_+24h
4,2026-02-05T15:35:00+00:00,-10,0.1773,0.1773,shifted_+24h
4,2026-02-05T15:35:00+00:00,-5,0.2035,-0.2035,shifted_+24h
4,2026-02-05T15:35:00+00:00,0,0.0,0.0,shifted_+24h
4,2026-02-05T15:35:00+00:00,5,0.1247,0.1247,shifted_+24h
4,2026-02-05T15:35:00+00:00,10,0.0591,0.0591,shifted_+24h
4,2026-02-05T15:35:00+00:00,15,0.0985,0.0985,shifted_+24h
4,2026-02-05T15:35:00+00:00,20,0.2298,0.2298,shifted_+24h
4,2026-02-05T15:35:00+00:00,25,0.3611,0.3611,shifted_+24h
4,2026-02-05T15:35:00+00:00,30,0.3939,0.3939,shifted_+24h
4,2026-02-05T15:35:00+00:00,35,0.0328,-0.0328,shifted_+24h
4,2026-02-05T15:35:00+00:00,40,0.0197,0.0197,shifted_+24h
4,2026-02-05T15:35:00+00:00,45,0.3611,0.3611,shifted_+24h
4,2026-02-05T15:35:00+00:00,50,0.4268,0.4268,shifted_+24h
4,2026-02-05T15:35:00+00:00,55,0.4793,0.4793,shifted_+24h
4,2026-02-05T15:35:00+00:00,60,0.4924,0.4924,shifted_+24h
4,2026-02-05T15:35:00+00:00,65,0.8207,0.8207,shifted_+24h
4,2026-02-05T15:35:00+00:00,70,0.8601,0.8601,shifted_+24h
4,2026-02-05T15:35:00+00:00,75,0.9783,0.9783,shifted_+24h
4,2026-02-05T15:35:00+00:00,80,1.0702,1.0702,shifted_+24h
4,2026-02-05T15:35:00+00:00,85,0.9257,0.9257,shifted_+24h
4,2026-02-05T15:35:00+00:00,90,0.8732,0.8732,shifted_+24h
4,2026-02-05T15:35:00+00:00,95,0.8601,0.8601,shifted_+24h
4,2026-02-05T15:35:00+00:00,100,1.0308,1.0308,shifted_+24h
4,2026-02-05T15:35:00+00:00,105,1.1752,1.1752,shifted_+24h
4,2026-02-05T15:35:00+00:00,110,1.0571,1.0571,shifted_+24h
4,2026-02-05T15:35:00+00:00,115,1.1096,1.1096,shifted_+24h
4,2026-02-05T15:35:00+00:00,120,1.1424,1.1424,shifted_+24h
4,2026-02-05T15:35:00+00:00,125,1.2146,1.2146,shifted_+24h
4,2026-02-05T15:35:00+00:00,130,1.2015,1.2015,shifted_+24h
4,2026-02-05T15:35:00+00:00,135,1.1621,1.1621,shifted_+24h
4,2026-02-05T15:35:00+00:00,140,1.0964,1.0964,shifted_+24h
4,2026-02-05T15:35:00+00:00,145,1.2015,1.2015,shifted_+24h
4,2026-02-05T15:35:00+00:00,150,1.0571,1.0571,shifted_+24h
4,2026-02-05T15:35:00+00:00,155,1.0571,1.0571,shifted_+24h
4,2026-02-05T15:35:00+00:00,160,0.8601,0.8601,shifted_+24h
4,2026-02-05T15:35:00+00:00,165,0.8207,0.8207,shifted_+24h
4,2026-02-05T15:35:00+00:00,170,0.7682,0.7682,shifted_+24h
4,2026-02-05T15:35:00+00:00,175,0.7944,0.7944,shifted_+24h
4,2026-02-05T15:35:00+00:00,180,0.7419,0.7419,shifted_+24h
5,2026-02-11T23:50:00+00:00,-180,0.0964,0.0964,shifted_+24h
5,2026-02-11T23:50:00+00:00,-175,0.1282,0.1282,shifted_+24h
5,2026-02-11T23:50:00+00:00,-170,0.0013,0.0013,shifted_+24h
5,2026-02-11T23:50:00+00:00,-165,0.0901,0.0901,shifted_+24h
5,2026-02-11T23:50:00+00:00,-160,0.1329,0.1329,shifted_+24h
5,2026-02-11T23:50:00+00:00,-155,0.1345,0.1345,shifted_+24h
5,2026-02-11T23:50:00+00:00,-150,0.1588,0.1588,shifted_+24h
5,2026-02-11T23:50:00+00:00,-145,0.1155,0.1155,shifted_+24h
5,2026-02-11T23:50:00+00:00,-140,0.0393,0.0393,shifted_+24h
5,2026-02-11T23:50:00+00:00,-135,0.0114,-0.0114,shifted_+24h
5,2026-02-11T23:50:00+00:00,-130,0.0393,0.0393,shifted_+24h
5,2026-02-11T23:50:00+00:00,-125,0.0267,0.0267,shifted_+24h
5,2026-02-11T23:50:00+00:00,-120,0.0393,0.0393,shifted_+24h
5,2026-02-11T23:50:00+00:00,-115,0.0495,-0.0495,shifted_+24h
5,2026-02-11T23:50:00+00:00,-110,0.1256,-0.1256,shifted_+24h
5,2026-02-11T23:50:00+00:00,-100,0.0749,-0.0749,shifted_+24h
5,2026-02-11T23:50:00+00:00,-95,0.052,0.052,shifted_+24h
5,2026-02-11T23:50:00+00:00,-85,0.1003,-0.1003,shifted_+24h
5,2026-02-11T23:50:00+00:00,-80,0.0013,0.0013,shifted_+24h
5,2026-02-11T23:50:00+00:00,-75,0.2932,0.2932,shifted_+24h
5,2026-02-11T23:50:00+00:00,-70,0.1916,0.1916,shifted_+24h
5,2026-02-11T23:50:00+00:00,-65,0.1891,-0.1891,shifted_+24h
5,2026-02-11T23:50:00+00:00,-60,0.2932,0.2932,shifted_+24h
5,2026-02-11T23:50:00+00:00,-55,0.052,0.052,shifted_+24h
5,2026-02-11T23:50:00+00:00,-50,0.0558,-0.0558,shifted_+24h
5,2026-02-11T23:50:00+00:00,-45,0.1447,-0.1447,shifted_+24h
5,2026-02-11T23:50:00+00:00,-40,0.1891,-0.1891,shifted_+24h
5,2026-02-11T23:50:00+00:00,-35,0.1383,-0.1383,shifted_+24h
5,2026-02-11T23:50:00+00:00,-30,0.0622,-0.0622,shifted_+24h
5,2026-02-11T23:50:00+00:00,-25,0.0495,-0.0495,shifted_+24h
5,2026-02-11T23:50:00+00:00,-15,0.0305,-0.0305,shifted_+24h
5,2026-02-11T23:50:00+00:00,-5,0.0099,-0.0099,shifted_+24h
5,2026-02-11T23:50:00+00:00,0,0.0,0.0,shifted_+24h
6,2026-02-18T09:00:00+00:00,0,0.0,0.0,shifted_+24h
6,2026-02-18T09:00:00+00:00,5,0.0263,-0.0263,shifted_+24h
6,2026-02-18T09:00:00+00:00,10,0.0658,0.0658,shifted_+24h
6,2026-02-18T09:00:00+00:00,15,0.1184,-0.1184,shifted_+24h
6,2026-02-18T09:00:00+00:00,20,0.0263,0.0263,shifted_+24h
6,2026-02-18T09:00:00+00:00,25,0.0263,-0.0263,shifted_+24h
6,2026-02-18T09:00:00+00:00,30,0.0,0.0,shifted_+24h
6,2026-02-18T09:00:00+00:00,35,0.0658,-0.0658,shifted_+24h
6,2026-02-18T09:00:00+00:00,40,0.0132,-0.0132,shifted_+24h
6,2026-02-18T09:00:00+00:00,45,0.0526,0.0526,shifted_+24h
6,2026-02-18T09:00:00+00:00,50,0.0921,-0.0921,shifted_+24h
6,2026-02-18T09:00:00+00:00,55,0.0526,-0.0526,shifted_+24h
6,2026-02-18T09:00:00+00:00,60,0.171,0.171,shifted_+24h
6,2026-02-18T09:00:00+00:00,65,0.1578,0.1578,shifted_+24h
6,2026-02-18T09:00:00+00:00,70,0.1578,0.1578,shifted_+24h
6,2026-02-18T09:00:00+00:00,75,0.0263,-0.0263,shifted_+24h
6,2026-02-18T09:00:00+00:00,80,0.1184,0.1184,shifted_+24h
6,2026-02-18T09:00:00+00:00,85,0.1184,0.1184,shifted_+24h
6,2026-02-18T09:00:00+00:00,90,0.1184,0.1184,shifted_+24h
6,2026-02-18T09:00:00+00:00,95,0.3551,0.3551,shifted_+24h
6,2026-02-18T09:00:00+00:00,100,0.5524,0.5524,shifted_+24h
6,2026-02-18T09:00:00+00:00,105,0.7234,0.7234,shifted_+24h
6,2026-02-18T09:00:00+00:00,110,0.8155,0.8155,shifted_+24h
6,2026-02-18T09:00:00+00:00,115,0.7892,0.7892,shifted_+24h
6,2026-02-18T09:00:00+00:00,120,0.8812,0.8812,shifted_+24h
6,2026-02-18T09:00:00+00:00,125,0.9338,0.9338,shifted_+24h
6,2026-02-18T09:00:00+00:00,130,1.1837,1.1837,shifted_+24h
6,2026-02-18T09:00:00+00:00,135,1.3021,1.3021,shifted_+24h
6,2026-02-18T09:00:00+00:00,140,1.2495,1.2495,shifted_+24h
6,2026-02-18T09:00:00+00:00,145,1.3547,1.3547,shifted_+24h
6,2026-02-18T09:00:00+00:00,150,1.5389,1.5389,shifted_+24h
6,2026-02-18T09:00:00+00:00,155,1.5915,1.5915,shifted_+24h
6,2026-02-18T09:00:00+00:00,160,1.6835,1.6835,shifted_+24h
6,2026-02-18T09:00:00+00:00,165,1.6046,1.6046,shifted_+24h
6,2026-02-18T09:00:00+00:00,170,1.6178,1.6178,shifted_+24h
6,2026-02-18T09:00:00+00:00,175,1.7625,1.7625,shifted_+24h
6,2026-02-18T09:00:00+00:00,180,1.9334,1.9334,shifted_+24h
7,2026-02-18T09:00:00+00:00,0,0.0,0.0,shifted_+24h
7,2026-02-18T09:00:00+00:00,5,0.0263,-0.0263,shifted_+24h
7,2026-02-18T09:00:00+00:00,10,0.0658,0.0658,shifted_+24h
7,2026-02-18T09:00:00+00:00,15,0.1184,-0.1184,shifted_+24h
7,2026-02-18T09:00:00+00:00,20,0.0263,0.0263,shifted_+24h
7,2026-02-18T09:00:00+00:00,25,0.0263,-0.0263,shifted_+24h
7,2026-02-18T09:00:00+00:00,30,0.0,0.0,shifted_+24h
7,2026-02-18T09:00:00+00:00,35,0.0658,-0.0658,shifted_+24h
7,2026-02-18T09:00:00+00:00,40,0.0132,-0.0132,shifted_+24h
7,2026-02-18T09:00:00+00:00,45,0.0526,0.0526,shifted_+24h
7,2026-02-18T09:00:00+00:00,50,0.0921,-0.0921,shifted_+24h
7,2026-02-18T09:00:00+00:00,55,0.0526,-0.0526,shifted_+24h
7,2026-02-18T09:00:00+00:00,60,0.171,0.171,shifted_+24h
7,2026-02-18T09:00:00+00:00,65,0.1578,0.1578,shifted_+24h
7,2026-02-18T09:00:00+00:00,70,0.1578,0.1578,shifted_+24h
7,2026-02-18T09:00:00+00:00,75,0.0263,-0.0263,shifted_+24h
7,2026-02-18T09:00:00+00:00,80,0.1184,0.1184,shifted_+24h
7,2026-02-18T09:00:00+00:00,85,0.1184,0.1184,shifted_+24h
7,2026-02-18T09:00:00+00:00,90,0.1184,0.1184,shifted_+24h
7,2026-02-18T09:00:00+00:00,95,0.3551,0.3551,shifted_+24h
7,2026-02-18T09:00:00+00:00,100,0.5524,0.5524,shifted_+24h
7,2026-02-18T09:00:00+00:00,105,0.7234,0.7234,shifted_+24h
7,2026-02-18T09:00:00+00:00,110,0.8155,0.8155,shifted_+24h
7,2026-02-18T09:00:00+00:00,115,0.7892,0.7892,shifted_+24h
7,2026-02-18T09:00:00+00:00,120,0.8812,0.8812,shifted_+24h
7,2026-02-18T09:00:00+00:00,125,0.9338,0.9338,shifted_+24h
7,2026-02-18T09:00:00+00:00,130,1.1837,1.1837,shifted_+24h
7,2026-02-18T09:00:00+00:00,135,1.3021,1.3021,shifted_+24h
7,2026-02-18T09:00:00+00:00,140,1.2495,1.2495,shifted_+24h
7,2026-02-18T09:00:00+00:00,145,1.3547,1.3547,shifted_+24h
7,2026-02-18T09:00:00+00:00,150,1.5389,1.5389,shifted_+24h
7,2026-02-18T09:00:00+00:00,155,1.5915,1.5915,shifted_+24h
7,2026-02-18T09:00:00+00:00,160,1.6835,1.6835,shifted_+24h
7,2026-02-18T09:00:00+00:00,165,1.6046,1.6046,shifted_+24h
7,2026-02-18T09:00:00+00:00,170,1.6178,1.6178,shifted_+24h
7,2026-02-18T09:00:00+00:00,175,1.7625,1.7625,shifted_+24h
7,2026-02-18T09:00:00+00:00,180,1.9334,1.9334,shifted_+24h
8,2026-02-18T15:00:00+00:00,-180,0.8444,-0.8444,shifted_+24h
8,2026-02-18T15:00:00+00:00,-175,0.7293,-0.7293,shifted_+24h
8,2026-02-18T15:00:00+00:00,-170,0.5118,-0.5118,shifted_+24h
8,2026-02-18T15:00:00+00:00,-165,0.3582,-0.3582,shifted_+24h
8,2026-02-18T15:00:00+00:00,-160,0.2047,-0.2047,shifted_+24h
8,2026-02-18T15:00:00+00:00,-155,0.3966,-0.3966,shifted_+24h
8,2026-02-18T15:00:00+00:00,-150,0.3966,-0.3966,shifted_+24h
8,2026-02-18T15:00:00+00:00,-145,0.4094,-0.4094,shifted_+24h
8,2026-02-18T15:00:00+00:00,-140,0.563,-0.563,shifted_+24h
8,2026-02-18T15:00:00+00:00,-135,0.5118,-0.5118,shifted_+24h
8,2026-02-18T15:00:00+00:00,-130,0.371,-0.371,shifted_+24h
8,2026-02-18T15:00:00+00:00,-125,0.3838,-0.3838,shifted_+24h
8,2026-02-18T15:00:00+00:00,-120,0.4862,-0.4862,shifted_+24h
8,2026-02-18T15:00:00+00:00,-115,0.5885,-0.5885,shifted_+24h
8,2026-02-18T15:00:00+00:00,-110,0.4094,-0.4094,shifted_+24h
8,2026-02-18T15:00:00+00:00,-105,0.5374,-0.5374,shifted_+24h
8,2026-02-18T15:00:00+00:00,-100,0.6525,-0.6525,shifted_+24h
8,2026-02-18T15:00:00+00:00,-95,0.6004,-0.6004,shifted_+24h
8,2026-02-18T15:00:00+00:00,-90,0.6525,-0.6525,shifted_+24h
8,2026-02-18T15:00:00+00:00,-85,0.6808,-0.6808,shifted_+24h
8,2026-02-18T15:00:00+00:00,-80,0.6269,-0.6269,shifted_+24h
8,2026-02-18T15:00:00+00:00,-75,0.6269,-0.6269,shifted_+24h
8,2026-02-18T15:00:00+00:00,-70,0.7165,-0.7165,shifted_+24h
8,2026-02-18T15:00:00+00:00,-65,0.6781,-0.6781,shifted_+24h
8,2026-02-18T15:00:00+00:00,-60,0.3646,-0.3646,shifted_+24h
8,2026-02-18T15:00:00+00:00,-55,0.4987,-0.4987,shifted_+24h
8,2026-02-18T15:00:00+00:00,-50,0.5884,-0.5884,shifted_+24h
8,2026-02-18T15:00:00+00:00,-30,0.2943,-0.2943,shifted_+24h
8,2026-02-18T15:00:00+00:00,-25,0.1088,-0.1088,shifted_+24h
8,2026-02-18T15:00:00+00:00,-20,0.0,0.0,shifted_+24h
8,2026-02-18T15:00:00+00:00,-15,0.1279,0.1279,shifted_+24h
8,2026-02-18T15:00:00+00:00,-10,0.2943,0.2943,shifted_+24h
8,2026-02-18T15:00:00+00:00,-5,0.0742,0.0742,shifted_+24h
8,2026-02-18T15:00:00+00:00,0,0.0,0.0,shifted_+24h
8,2026-02-18T15:00:00+00:00,5,0.0128,0.0128,shifted_+24h
8,2026-02-18T15:00:00+00:00,10,0.0256,-0.0256,shifted_+24h
8,2026-02-18T15:00:00+00:00,15,0.0768,-0.0768,shifted_+24h
8,2026-02-18T15:00:00+00:00,20,0.1471,-0.1471,shifted_+24h
8,2026-02-18T15:00:00+00:00,25,0.1152,-0.1152,shifted_+24h
8,2026-02-18T15:00:00+00:00,30,0.1152,-0.1152,shifted_+24h
8,2026-02-18T15:00:00+00:00,35,0.0512,-0.0512,shifted_+24h
8,2026-02-18T15:00:00+00:00,40,0.0128,0.0128,shifted_+24h
8,2026-02-18T15:00:00+00:00,45,0.1151,0.1151,shifted_+24h
8,2026-02-18T15:00:00+00:00,50,0.0256,-0.0256,shifted_+24h
8,2026-02-18T15:00:00+00:00,55,0.0256,-0.0256,shifted_+24h
8,2026-02-18T15:00:00+00:00,60,0.0384,-0.0384,shifted_+24h
8,2026-02-18T15:00:00+00:00,65,0.0384,0.0384,shifted_+24h
8,2026-02-18T15:00:00+00:00,70,0.0,0.0,shifted_+24h
8,2026-02-18T15:00:00+00:00,75,0.1407,0.1407,shifted_+24h
8,2026-02-18T15:00:00+00:00,80,0.0512,0.0512,shifted_+24h
8,2026-02-18T15:00:00+00:00,85,0.1535,0.1535,shifted_+24h
8,2026-02-18T15:00:00+00:00,90,0.3966,0.3966,shifted_+24h
8,2026-02-18T15:00:00+00:00,95,0.435,0.435,shifted_+24h
8,2026-02-18T15:00:00+00:00,100,0.4862,0.4862,shifted_+24h
8,2026-02-18T15:00:00+00:00,105,0.5244,0.5244,shifted_+24h
8,2026-02-18T15:00:00+00:00,110,0.551,0.551,shifted_+24h
8,2026-02-18T15:00:00+00:00,115,0.5246,0.5246,shifted_+24h
8,2026-02-18T15:00:00+00:00,120,0.5118,0.5118,shifted_+24h
8,2026-02-18T15:00:00+00:00,125,0.6013,0.6013,shifted_+24h
8,2026-02-18T15:00:00+00:00,130,0.7549,0.7549,shifted_+24h
8,2026-02-18T15:00:00+00:00,135,0.934,0.934,shifted_+24h
8,2026-02-18T15:00:00+00:00,140,0.8317,0.8317,shifted_+24h
8,2026-02-18T15:00:00+00:00,145,0.8188,0.8188,shifted_+24h
8,2026-02-18T15:00:00+00:00,150,0.8444,0.8444,shifted_+24h
8,2026-02-18T15:00:00+00:00,155,0.8444,0.8444,shifted_+24h
8,2026-02-18T15:00:00+00:00,160,0.8831,0.8831,shifted_+24h
8,2026-02-18T15:00:00+00:00,165,1.0609,1.0609,shifted_+24h
8,2026-02-18T15:00:00+00:00,170,1.1387,1.1387,shifted_+24h
8,2026-02-18T15:00:00+00:00,175,1.1771,1.1771,shifted_+24h
8,2026-02-18T15:00:00+00:00,180,1.3178,1.3178,shifted_+24h
9,2026-02-20T09:00:00+00:00,0,0.0,0.0,shifted_+24h
9,2026-02-20T09:00:00+00:00,5,0.0248,0.0248,shifted_+24h
9,2026-02-20T09:00:00+00:00,10,0.0745,0.0745,shifted_+24h
9,2026-02-20T09:00:00+00:00,15,0.0745,0.0745,shifted_+24h
9,2026-02-20T09:00:00+00:00,20,0.1986,0.1986,shifted_+24h
9,2026-02-20T09:00:00+00:00,25,0.5461,0.5461,shifted_+24h
9,2026-02-20T09:00:00+00:00,30,0.4841,0.4841,shifted_+24h
9,2026-02-20T09:00:00+00:00,35,0.2606,0.2606,shifted_+24h
9,2026-02-20T09:00:00+00:00,40,0.1365,0.1365,shifted_+24h
9,2026-02-20T09:00:00+00:00,45,0.0869,-0.0869,shifted_+24h
9,2026-02-20T09:00:00+00:00,50,0.2234,-0.2234,shifted_+24h
9,2026-02-20T09:00:00+00:00,55,0.1986,-0.1986,shifted_+24h
9,2026-02-20T09:00:00+00:00,60,0.3972,-0.3972,shifted_+24h
9,2026-02-20T09:00:00+00:00,65,0.3972,-0.3972,shifted_+24h
9,2026-02-20T09:00:00+00:00,70,0.3848,-0.3848,shifted_+24h
9,2026-02-20T09:00:00+00:00,75,0.3351,-0.3351,shifted_+24h
9,2026-02-20T09:00:00+00:00,80,0.3103,-0.3103,shifted_+24h
9,2026-02-20T09:00:00+00:00,85,0.2979,-0.2979,shifted_+24h
9,2026-02-20T09:00:00+00:00,90,0.1241,-0.1241,shifted_+24h
9,2026-02-20T09:00:00+00:00,95,0.1862,-0.1862,shifted_+24h
9,2026-02-20T09:00:00+00:00,100,0.2482,-0.2482,shifted_+24h
9,2026-02-20T09:00:00+00:00,105,0.211,-0.211,shifted_+24h
9,2026-02-20T09:00:00+00:00,110,0.2606,-0.2606,shifted_+24h
9,2026-02-20T09:00:00+00:00,115,0.2855,-0.2855,shifted_+24h
9,2026-02-20T09:00:00+00:00,120,0.2979,-0.2979,shifted_+24h
9,2026-02-20T09:00:00+00:00,125,0.1738,-0.1738,shifted_+24h
9,2026-02-20T09:00:00+00:00,130,0.1365,-0.1365,shifted_+24h
9,2026-02-20T09:00:00+00:00,135,0.1489,-0.1489,shifted_+24h
9,2026-02-20T09:00:00+00:00,140,0.211,-0.211,shifted_+24h
9,2026-02-20T09:00:00+00:00,145,0.0745,-0.0745,shifted_+24h
9,2026-02-20T09:00:00+00:00,150,0.1738,-0.1738,shifted_+24h
9,2026-02-20T09:00:00+00:00,155,0.1241,0.1241,shifted_+24h
9,2026-02-20T09:00:00+00:00,160,0.2358,0.2358,shifted_+24h
9,2026-02-20T09:00:00+00:00,165,0.0869,0.0869,shifted_+24h
9,2026-02-20T09:00:00+00:00,170,0.0993,-0.0993,shifted_+24h
9,2026-02-20T09:00:00+00:00,175,0.2606,-0.2606,shifted_+24h
9,2026-02-20T09:00:00+00:00,180,0.1614,-0.1614,shifted_+24h
10,2026-03-04T22:00:00+00:00,-180,1.6197,-1.6197,shifted_+24h
10,2026-03-04T22:00:00+00:00,-175,1.712,-1.712,shifted_+24h
10,2026-03-04T22:00:00+00:00,-170,1.4893,-1.4893,shifted_+24h
10,2026-03-04T22:00:00+00:00,-165,1.435,-1.435,shifted_+24h
10,2026-03-04T22:00:00+00:00,-160,1.4133,-1.4133,shifted_+24h
10,2026-03-04T22:00:00+00:00,-155,1.359,-1.359,shifted_+24h
10,2026-03-04T22:00:00+00:00,-150,1.5871,-1.5871,shifted_+24h
10,2026-03-04T22:00:00+00:00,-145,1.674,-1.674,shifted_+24h
10,2026-03-04T22:00:00+00:00,-140,1.5654,-1.5654,shifted_+24h
10,2026-03-04T22:00:00+00:00,-135,1.5491,-1.5491,shifted_+24h
10,2026-03-04T22:00:00+00:00,-130,1.5056,-1.5056,shifted_+24h
10,2026-03-04T22:00:00+00:00,-125,1.5871,-1.5871,shifted_+24h
10,2026-03-04T22:00:00+00:00,-120,1.4676,-1.4676,shifted_+24h
10,2026-03-04T22:00:00+00:00,-115,1.4459,-1.4459,shifted_+24h
10,2026-03-04T22:00:00+00:00,-110,1.4242,-1.4242,shifted_+24h
10,2026-03-04T22:00:00+00:00,-105,1.0767,-1.0767,shifted_+24h
10,2026-03-04T22:00:00+00:00,-100,0.8703,-0.8703,shifted_+24h
10,2026-03-04T22:00:00+00:00,-95,0.6966,-0.6966,shifted_+24h
10,2026-03-04T22:00:00+00:00,-90,0.664,-0.664,shifted_+24h
10,2026-03-04T22:00:00+00:00,-85,0.7074,-0.7074,shifted_+24h
10,2026-03-04T22:00:00+00:00,-80,0.6585,-0.6585,shifted_+24h
10,2026-03-04T22:00:00+00:00,-75,0.5445,-0.5445,shifted_+24h
10,2026-03-04T22:00:00+00:00,-70,0.7183,-0.7183,shifted_+24h
10,2026-03-04T22:00:00+00:00,-65,0.588,-0.588,shifted_+24h
10,2026-03-04T22:00:00+00:00,-60,0.5011,-0.5011,shifted_+24h
10,2026-03-04T22:00:00+00:00,-55,0.2622,-0.2622,shifted_+24h
10,2026-03-04T22:00:00+00:00,-50,0.2304,-0.2304,shifted_+24h
10,2026-03-04T22:00:00+00:00,-45,0.0116,-0.0116,shifted_+24h
10,2026-03-04T22:00:00+00:00,-40,0.3777,0.3777,shifted_+24h
10,2026-03-04T22:00:00+00:00,-35,0.2151,0.2151,shifted_+24h
10,2026-03-04T22:00:00+00:00,-30,0.1224,0.1224,shifted_+24h
10,2026-03-04T22:00:00+00:00,-25,0.1301,0.1301,shifted_+24h
10,2026-03-04T22:00:00+00:00,-20,0.195,0.195,shifted_+24h
10,2026-03-04T22:00:00+00:00,-15,0.2265,0.2265,shifted_+24h
10,2026-03-04T22:00:00+00:00,-10,0.3056,0.3056,shifted_+24h
10,2026-03-04T22:00:00+00:00,-5,0.2374,0.2374,shifted_+24h
10,2026-03-04T22:00:00+00:00,0,0.0,0.0,shifted_+24h
10,2026-03-04T22:00:00+00:00,5,0.115,0.115,shifted_+24h
10,2026-03-04T22:00:00+00:00,10,0.0341,-0.0341,shifted_+24h
10,2026-03-04T22:00:00+00:00,15,0.0884,-0.0884,shifted_+24h
10,2026-03-04T22:00:00+00:00,20,0.0883,0.0883,shifted_+24h
10,2026-03-04T22:00:00+00:00,25,0.1179,0.1179,shifted_+24h
10,2026-03-04T22:00:00+00:00,30,0.2917,0.2917,shifted_+24h
10,2026-03-04T22:00:00+00:00,35,0.2789,0.2789,shifted_+24h
10,2026-03-04T22:00:00+00:00,40,0.3351,0.3351,shifted_+24h
10,2026-03-04T22:00:00+00:00,45,0.3354,0.3354,shifted_+24h
10,2026-03-04T22:00:00+00:00,50,0.3134,0.3134,shifted_+24h
10,2026-03-04T22:00:00+00:00,55,0.4389,0.4389,shifted_+24h
10,2026-03-04T22:00:00+00:00,60,0.1506,0.1506,shifted_+24h
10,2026-03-04T22:00:00+00:00,65,0.0395,-0.0395,shifted_+24h
10,2026-03-04T22:00:00+00:00,70,0.1366,0.1366,shifted_+24h
10,2026-03-04T22:00:00+00:00,75,0.2211,0.2211,shifted_+24h
10,2026-03-04T22:00:00+00:00,80,0.1288,0.1288,shifted_+24h
10,2026-03-04T22:00:00+00:00,85,0.2265,0.2265,shifted_+24h
10,2026-03-04T22:00:00+00:00,90,0.1722,0.1722,shifted_+24h
10,2026-03-04T22:00:00+00:00,95,0.1614,0.1614,shifted_+24h
10,2026-03-04T22:00:00+00:00,100,0.2579,0.2579,shifted_+24h
10,2026-03-04T22:00:00+00:00,105,0.1614,0.1614,shifted_+24h
10,2026-03-04T22:00:00+00:00,110,0.0202,0.0202,shifted_+24h
10,2026-03-04T22:00:00+00:00,115,0.194,0.194,shifted_+24h
11,2026-03-11T08:00:00+00:00,0,0.0,0.0,shifted_+24h
11,2026-03-11T08:00:00+00:00,5,0.4302,-0.4302,shifted_+24h
11,2026-03-11T08:00:00+00:00,10,0.1243,-0.1243,shifted_+24h
11,2026-03-11T08:00:00+00:00,15,0.0956,-0.0956,shifted_+24h
11,2026-03-11T08:00:00+00:00,20,0.0669,0.0669,shifted_+24h
11,2026-03-11T08:00:00+00:00,25,0.5354,0.5354,shifted_+24h
11,2026-03-11T08:00:00+00:00,30,0.0191,-0.0191,shifted_+24h
11,2026-03-11T08:00:00+00:00,35,0.086,-0.086,shifted_+24h
11,2026-03-11T08:00:00+00:00,40,0.2294,-0.2294,shifted_+24h
11,2026-03-11T08:00:00+00:00,45,0.2199,0.2199,shifted_+24h
11,2026-03-11T08:00:00+00:00,50,0.9751,0.9751,shifted_+24h
11,2026-03-11T08:00:00+00:00,55,0.8891,0.8891,shifted_+24h
11,2026-03-11T08:00:00+00:00,60,2.1319,2.1319,shifted_+24h
11,2026-03-11T08:00:00+00:00,65,1.74,1.74,shifted_+24h
11,2026-03-11T08:00:00+00:00,70,1.9598,1.9598,shifted_+24h
11,2026-03-11T08:00:00+00:00,75,1.9981,1.9981,shifted_+24h
11,2026-03-11T08:00:00+00:00,80,2.4857,2.4857,shifted_+24h
11,2026-03-11T08:00:00+00:00,85,3.5468,3.5468,shifted_+24h
11,2026-03-11T08:00:00+00:00,90,2.9159,2.9159,shifted_+24h
11,2026-03-11T08:00:00+00:00,95,3.088,3.088,shifted_+24h
11,2026-03-11T08:00:00+00:00,100,3.021,3.021,shifted_+24h
11,2026-03-11T08:00:00+00:00,105,3.1262,3.1262,shifted_+24h
11,2026-03-11T08:00:00+00:00,110,3.7476,3.7476,shifted_+24h
11,2026-03-11T08:00:00+00:00,115,3.6138,3.6138,shifted_+24h
11,2026-03-11T08:00:00+00:00,120,2.065,2.065,shifted_+24h
11,2026-03-11T08:00:00+00:00,125,1.8451,1.8451,shifted_+24h
11,2026-03-11T08:00:00+00:00,130,1.0803,1.0803,shifted_+24h
11,2026-03-11T08:00:00+00:00,135,1.6061,1.6061,shifted_+24h
11,2026-03-11T08:00:00+00:00,140,2.3996,2.3996,shifted_+24h
11,2026-03-11T08:00:00+00:00,145,1.7304,1.7304,shifted_+24h
11,2026-03-11T08:00:00+00:00,150,1.2141,1.2141,shifted_+24h
11,2026-03-11T08:00:00+00:00,155,0.4302,0.4302,shifted_+24h
11,2026-03-11T08:00:00+00:00,160,0.1338,-0.1338,shifted_+24h
11,2026-03-11T08:00:00+00:00,165,0.1338,0.1338,shifted_+24h
11,2026-03-11T08:00:00+00:00,170,0.1243,-0.1243,shifted_+24h
11,2026-03-11T08:00:00+00:00,175,0.5736,-0.5736,shifted_+24h
11,2026-03-11T08:00:00+00:00,180,0.3155,-0.3155,shifted_+24h
12,2026-03-24T08:00:00+00:00,0,0.0,0.0,shifted_+24h
12,2026-03-24T08:00:00+00:00,5,0.0717,0.0717,shifted_+24h
12,2026-03-24T08:00:00+00:00,10,0.1434,-0.1434,shifted_+24h
12,2026-03-24T08:00:00+00:00,15,0.3047,0.3047,shifted_+24h
12,2026-03-24T08:00:00+00:00,20,0.3943,0.3943,shifted_+24h
12,2026-03-24T08:00:00+00:00,25,1.0306,1.0306,shifted_+24h
12,2026-03-24T08:00:00+00:00,30,0.7438,0.7438,shifted_+24h
12,2026-03-24T08:00:00+00:00,35,0.7976,0.7976,shifted_+24h
12,2026-03-24T08:00:00+00:00,40,0.9051,0.9051,shifted_+24h
12,2026-03-24T08:00:00+00:00,45,0.457,0.457,shifted_+24h
12,2026-03-24T08:00:00+00:00,50,0.6183,0.6183,shifted_+24h
12,2026-03-24T08:00:00+00:00,55,1.1022,1.1022,shifted_+24h
12,2026-03-24T08:00:00+00:00,60,1.165,1.165,shifted_+24h
12,2026-03-24T08:00:00+00:00,65,1.631,1.631,shifted_+24h
12,2026-03-24T08:00:00+00:00,70,1.7833,1.7833,shifted_+24h
12,2026-03-24T08:00:00+00:00,75,1.4338,1.4338,shifted_+24h
12,2026-03-24T08:00:00+00:00,80,1.6937,1.6937,shifted_+24h
12,2026-03-24T08:00:00+00:00,85,1.9625,1.9625,shifted_+24h
12,2026-03-24T08:00:00+00:00,90,1.8998,1.8998,shifted_+24h
12,2026-03-24T08:00:00+00:00,95,1.7654,1.7654,shifted_+24h
12,2026-03-24T08:00:00+00:00,100,1.2187,1.2187,shifted_+24h
12,2026-03-24T08:00:00+00:00,105,1.1739,1.1739,shifted_+24h
12,2026-03-24T08:00:00+00:00,110,1.0664,1.0664,shifted_+24h
12,2026-03-24T08:00:00+00:00,115,0.9141,0.9141,shifted_+24h
12,2026-03-24T08:00:00+00:00,120,1.1112,1.1112,shifted_+24h
12,2026-03-24T08:00:00+00:00,125,0.6631,0.6631,shifted_+24h
12,2026-03-24T08:00:00+00:00,130,0.0358,0.0358,shifted_+24h
12,2026-03-24T08:00:00+00:00,135,0.0179,-0.0179,shifted_+24h
12,2026-03-24T08:00:00+00:00,140,0.3585,0.3585,shifted_+24h
12,2026-03-24T08:00:00+00:00,145,0.5915,0.5915,shifted_+24h
12,2026-03-24T08:00:00+00:00,150,0.699,0.699,shifted_+24h
12,2026-03-24T08:00:00+00:00,155,0.5198,0.5198,shifted_+24h
12,2026-03-24T08:00:00+00:00,160,0.699,0.699,shifted_+24h
12,2026-03-24T08:00:00+00:00,165,1.0485,1.0485,shifted_+24h
12,2026-03-24T08:00:00+00:00,170,0.8961,0.8961,shifted_+24h
12,2026-03-24T08:00:00+00:00,175,0.8872,0.8872,shifted_+24h
12,2026-03-24T08:00:00+00:00,180,0.8872,0.8872,shifted_+24h
13,2026-03-24T14:25:00+00:00,-180,1.2251,-1.2251,shifted_+24h
13,2026-03-24T14:25:00+00:00,-175,1.4876,-1.4876,shifted_+24h
13,2026-03-24T14:25:00+00:00,-170,1.3213,-1.3213,shifted_+24h
13,2026-03-24T14:25:00+00:00,-165,0.9363,-0.9363,shifted_+24h
13,2026-03-24T14:25:00+00:00,-160,1.2251,-1.2251,shifted_+24h
13,2026-03-24T14:25:00+00:00,-155,0.7175,-0.7175,shifted_+24h
13,2026-03-24T14:25:00+00:00,-150,0.9275,-0.9275,shifted_+24h
13,2026-03-24T14:25:00+00:00,-145,0.7436,-0.7436,shifted_+24h
13,2026-03-24T14:25:00+00:00,-140,0.56,-0.56,shifted_+24h
13,2026-03-24T14:25:00+00:00,-135,0.245,-0.245,shifted_+24h
13,2026-03-24T14:25:00+00:00,-130,0.1324,-0.1324,shifted_+24h
13,2026-03-24T14:25:00+00:00,-125,0.1575,-0.1575,shifted_+24h
13,2026-03-24T14:25:00+00:00,-120,0.3509,-0.3509,shifted_+24h
13,2026-03-24T14:25:00+00:00,-115,0.0263,0.0263,shifted_+24h
13,2026-03-24T14:25:00+00:00,-110,0.1342,0.1342,shifted_+24h
13,2026-03-24T14:25:00+00:00,-105,0.1225,0.1225,shifted_+24h
13,2026-03-24T14:25:00+00:00,-100,0.3238,0.3238,shifted_+24h
13,2026-03-24T14:25:00+00:00,-95,0.0963,-0.0963,shifted_+24h
13,2026-03-24T14:25:00+00:00,-90,0.0963,0.0963,shifted_+24h
13,2026-03-24T14:25:00+00:00,-85,0.1925,-0.1925,shifted_+24h
13,2026-03-24T14:25:00+00:00,-80,0.56,0.56,shifted_+24h
13,2026-03-24T14:25:00+00:00,-75,0.2275,0.2275,shifted_+24h
13,2026-03-24T14:25:00+00:00,-55,0.6082,0.6082,shifted_+24h
13,2026-03-24T14:25:00+00:00,-50,0.7088,0.7088,shifted_+24h
13,2026-03-24T14:25:00+00:00,-45,1.0237,1.0237,shifted_+24h
13,2026-03-24T14:25:00+00:00,-40,0.7962,0.7962,shifted_+24h
13,2026-03-24T14:25:00+00:00,-35,0.7613,0.7613,shifted_+24h
13,2026-03-24T14:25:00+00:00,-30,0.3962,0.3962,shifted_+24h
13,2026-03-24T14:25:00+00:00,-25,0.2275,-0.2275,shifted_+24h
13,2026-03-24T14:25:00+00:00,-20,0.2713,-0.2713,shifted_+24h
13,2026-03-24T14:25:00+00:00,-15,0.2844,-0.2844,shifted_+24h
13,2026-03-24T14:25:00+00:00,-10,0.14,-0.14,shifted_+24h
13,2026-03-24T14:25:00+00:00,-5,0.0437,-0.0437,shifted_+24h
13,2026-03-24T14:25:00+00:00,0,0.0,0.0,shifted_+24h
13,2026-03-24T14:25:00+00:00,5,0.0263,-0.0263,shifted_+24h
13,2026-03-24T14:25:00+00:00,10,0.4463,0.4463,shifted_+24h
13,2026-03-24T14:25:00+00:00,15,0.178,0.178,shifted_+24h
13,2026-03-24T14:25:00+00:00,20,0.2013,0.2013,shifted_+24h
13,2026-03-24T14:25:00+00:00,25,0.455,-0.455,shifted_+24h
13,2026-03-24T14:25:00+00:00,30,0.5688,-0.5688,shifted_+24h
13,2026-03-24T14:25:00+00:00,35,0.8138,-0.8138,shifted_+24h
13,2026-03-24T14:25:00+00:00,40,0.455,-0.455,shifted_+24h
13,2026-03-24T14:25:00+00:00,45,0.3806,-0.3806,shifted_+24h
13,2026-03-24T14:25:00+00:00,50,0.14,-0.14,shifted_+24h
13,2026-03-24T14:25:00+00:00,55,0.6126,-0.6126,shifted_+24h
13,2026-03-24T14:25:00+00:00,60,0.6563,-0.6563,shifted_+24h
13,2026-03-24T14:25:00+00:00,65,0.3588,-0.3588,shifted_+24h
13,2026-03-24T14:25:00+00:00,70,0.3675,-0.3675,shifted_+24h
13,2026-03-24T14:25:00+00:00,75,0.0875,-0.0875,shifted_+24h
13,2026-03-24T14:25:00+00:00,80,0.0117,-0.0117,shifted_+24h
13,2026-03-24T14:25:00+00:00,85,0.245,0.245,shifted_+24h
13,2026-03-24T14:25:00+00:00,90,0.5688,0.5688,shifted_+24h
13,2026-03-24T14:25:00+00:00,95,0.6999,0.6999,shifted_+24h
13,2026-03-24T14:25:00+00:00,100,0.7963,0.7963,shifted_+24h
13,2026-03-24T14:25:00+00:00,105,0.8313,0.8313,shifted_+24h
13,2026-03-24T14:25:00+00:00,110,0.7788,0.7788,shifted_+24h
13,2026-03-24T14:25:00+00:00,115,0.49,0.49,shifted_+24h
13,2026-03-24T14:25:00+00:00,120,0.3413,0.3413,shifted_+24h
13,2026-03-24T14:25:00+00:00,125,0.4769,0.4769,shifted_+24h
13,2026-03-24T14:25:00+00:00,130,0.805,0.805,shifted_+24h
13,2026-03-24T14:25:00+00:00,135,0.6738,0.6738,shifted_+24h
13,2026-03-24T14:25:00+00:00,140,0.805,0.805,shifted_+24h
13,2026-03-24T14:25:00+00:00,145,0.9364,0.9364,shifted_+24h
13,2026-03-24T14:25:00+00:00,150,1.0238,1.0238,shifted_+24h
13,2026-03-24T14:25:00+00:00,155,1.2776,1.2776,shifted_+24h
13,2026-03-24T14:25:00+00:00,160,1.527,1.527,shifted_+24h
13,2026-03-24T14:25:00+00:00,165,1.6188,1.6188,shifted_+24h
13,2026-03-24T14:25:00+00:00,170,1.3213,1.3213,shifted_+24h
13,2026-03-24T14:25:00+00:00,175,1.4613,1.4613,shifted_+24h
13,2026-03-24T14:25:00+00:00,180,1.3301,1.3301,shifted_+24h
14,2026-03-25T19:45:00+00:00,-180,0.8894,-0.8894,shifted_+24h
14,2026-03-25T19:45:00+00:00,-175,0.9731,-0.9731,shifted_+24h
14,2026-03-25T19:45:00+00:00,-170,1.0215,-1.0215,shifted_+24h
14,2026-03-25T19:45:00+00:00,-165,0.8982,-0.8982,shifted_+24h
14,2026-03-25T19:45:00+00:00,-160,0.4051,-0.4051,shifted_+24h
14,2026-03-25T19:45:00+00:00,-155,0.5592,-0.5592,shifted_+24h
14,2026-03-25T19:45:00+00:00,-150,0.6163,-0.6163,shifted_+24h
14,2026-03-25T19:45:00+00:00,-145,0.4007,-0.4007,shifted_+24h
14,2026-03-25T19:45:00+00:00,-140,0.7925,-0.7925,shifted_+24h
14,2026-03-25T19:45:00+00:00,-135,1.2064,-1.2064,shifted_+24h
14,2026-03-25T19:45:00+00:00,-130,1.1536,-1.1536,shifted_+24h
14,2026-03-25T19:45:00+00:00,-125,1.1183,-1.1183,shifted_+24h
14,2026-03-25T19:45:00+00:00,-120,1.0699,-1.0699,shifted_+24h
14,2026-03-25T19:45:00+00:00,-115,0.8278,-0.8278,shifted_+24h
14,2026-03-25T19:45:00+00:00,-110,0.8982,-0.8982,shifted_+24h
14,2026-03-25T19:45:00+00:00,-105,0.819,-0.819,shifted_+24h
14,2026-03-25T19:45:00+00:00,-100,0.9862,-0.9862,shifted_+24h
14,2026-03-25T19:45:00+00:00,-95,0.8542,-0.8542,shifted_+24h
14,2026-03-25T19:45:00+00:00,-90,1.0303,-1.0303,shifted_+24h
14,2026-03-25T19:45:00+00:00,-85,1.2328,-1.2328,shifted_+24h
14,2026-03-25T19:45:00+00:00,-80,0.8806,-0.8806,shifted_+24h
14,2026-03-25T19:45:00+00:00,-75,1.1007,-1.1007,shifted_+24h
14,2026-03-25T19:45:00+00:00,-70,1.0655,-1.0655,shifted_+24h
14,2026-03-25T19:45:00+00:00,-65,0.6913,-0.6913,shifted_+24h
14,2026-03-25T19:45:00+00:00,-60,0.546,-0.546,shifted_+24h
14,2026-03-25T19:45:00+00:00,-55,0.3836,-0.3836,shifted_+24h
14,2026-03-25T19:45:00+00:00,-50,0.0881,0.0881,shifted_+24h
14,2026-03-25T19:45:00+00:00,-45,0.0881,0.0881,shifted_+24h
14,2026-03-25T19:45:00+00:00,-40,0.0352,-0.0352,shifted_+24h
14,2026-03-25T19:45:00+00:00,-35,0.2818,-0.2818,shifted_+24h
14,2026-03-25T19:45:00+00:00,-30,0.2818,-0.2818,shifted_+24h
14,2026-03-25T19:45:00+00:00,-25,0.3346,-0.3346,shifted_+24h
14,2026-03-25T19:45:00+00:00,-20,0.4931,-0.4931,shifted_+24h
14,2026-03-25T19:45:00+00:00,-15,0.2289,-0.2289,shifted_+24h
14,2026-03-25T19:45:00+00:00,-10,0.3434,-0.3434,shifted_+24h
14,2026-03-25T19:45:00+00:00,-5,0.1321,-0.1321,shifted_+24h
14,2026-03-25T19:45:00+00:00,0,0.0,0.0,shifted_+24h
14,2026-03-25T19:45:00+00:00,5,0.0,0.0,shifted_+24h
14,2026-03-25T19:45:00+00:00,10,0.1497,-0.1497,shifted_+24h
14,2026-03-25T19:45:00+00:00,15,0.1497,-0.1497,shifted_+24h
14,2026-03-25T19:45:00+00:00,20,0.0528,0.0528,shifted_+24h
14,2026-03-25T19:45:00+00:00,25,0.1761,0.1761,shifted_+24h
14,2026-03-25T19:45:00+00:00,30,0.0829,0.0829,shifted_+24h
14,2026-03-25T19:45:00+00:00,35,0.2642,0.2642,shifted_+24h
14,2026-03-25T19:45:00+00:00,40,0.1761,0.1761,shifted_+24h
14,2026-03-25T19:45:00+00:00,45,0.2422,0.2422,shifted_+24h
14,2026-03-25T19:45:00+00:00,50,0.1937,0.1937,shifted_+24h
14,2026-03-25T19:45:00+00:00,55,0.1768,0.1768,shifted_+24h
14,2026-03-25T19:45:00+00:00,60,0.273,0.273,shifted_+24h
14,2026-03-25T19:45:00+00:00,65,0.2994,0.2994,shifted_+24h
14,2026-03-25T19:45:00+00:00,70,0.2378,0.2378,shifted_+24h
14,2026-03-25T19:45:00+00:00,75,0.2466,0.2466,shifted_+24h
14,2026-03-25T19:45:00+00:00,80,0.2113,0.2113,shifted_+24h
14,2026-03-25T19:45:00+00:00,85,0.2378,0.2378,shifted_+24h
14,2026-03-25T19:45:00+00:00,90,0.1782,0.1782,shifted_+24h
14,2026-03-25T19:45:00+00:00,95,0.2024,0.2024,shifted_+24h
14,2026-03-25T19:45:00+00:00,100,0.1937,0.1937,shifted_+24h
14,2026-03-25T19:45:00+00:00,105,0.1937,0.1937,shifted_+24h
14,2026-03-25T19:45:00+00:00,110,0.2157,0.2157,shifted_+24h
14,2026-03-25T19:45:00+00:00,115,0.2025,0.2025,shifted_+24h
14,2026-03-25T19:45:00+00:00,120,0.2357,0.2357,shifted_+24h
14,2026-03-25T19:45:00+00:00,125,0.2113,0.2113,shifted_+24h
14,2026-03-25T19:45:00+00:00,130,0.2025,0.2025,shifted_+24h
14,2026-03-25T19:45:00+00:00,135,0.2113,0.2113,shifted_+24h
14,2026-03-25T19:45:00+00:00,140,0.0132,0.0132,shifted_+24h
14,2026-03-25T19:45:00+00:00,145,0.0352,0.0352,shifted_+24h
14,2026-03-25T19:45:00+00:00,150,0.0044,-0.0044,shifted_+24h
14,2026-03-25T19:45:00+00:00,155,0.1331,0.1331,shifted_+24h
14,2026-03-25T19:45:00+00:00,160,0.1057,0.1057,shifted_+24h
14,2026-03-25T19:45:00+00:00,165,0.0264,0.0264,shifted_+24h
14,2026-03-25T19:45:00+00:00,170,0.1321,-0.1321,shifted_+24h
14,2026-03-25T19:45:00+00:00,175,0.0792,-0.0792,shifted_+24h
14,2026-03-25T19:45:00+00:00,180,0.0894,-0.0894,shifted_+24h
15,2026-04-08T20:10:00+00:00,-180,1.8656,-1.8656,shifted_+24h
15,2026-04-08T20:10:00+00:00,-175,1.4072,-1.4072,shifted_+24h
15,2026-04-08T20:10:00+00:00,-170,0.9345,-0.9345,shifted_+24h
15,2026-04-08T20:10:00+00:00,-165,0.8282,-0.8282,shifted_+24h
15,2026-04-08T20:10:00+00:00,-160,0.8443,-0.8443,shifted_+24h
15,2026-04-08T20:10:00+00:00,-155,0.8845,-0.8845,shifted_+24h
15,2026-04-08T20:10:00+00:00,-150,1.3992,-1.3992,shifted_+24h
15,2026-04-08T20:10:00+00:00,-145,1.3107,-1.3107,shifted_+24h
15,2026-04-08T20:10:00+00:00,-140,1.166,-1.166,shifted_+24h
15,2026-04-08T20:10:00+00:00,-135,1.0534,-1.0534,shifted_+24h
15,2026-04-08T20:10:00+00:00,-130,1.6645,-1.6645,shifted_+24h
15,2026-04-08T20:10:00+00:00,-125,2.0907,-2.0907,shifted_+24h
15,2026-04-08T20:10:00+00:00,-120,1.978,-1.978,shifted_+24h
15,2026-04-08T20:10:00+00:00,-115,1.166,-1.166,shifted_+24h
15,2026-04-08T20:10:00+00:00,-110,0.5789,-0.5789,shifted_+24h
15,2026-04-08T20:10:00+00:00,-105,1.5439,-1.5439,shifted_+24h
15,2026-04-08T20:10:00+00:00,-100,1.6806,-1.6806,shifted_+24h
15,2026-04-08T20:10:00+00:00,-95,1.3911,-1.3911,shifted_+24h
15,2026-04-08T20:10:00+00:00,-90,1.2705,-1.2705,shifted_+24h
15,2026-04-08T20:10:00+00:00,-85,1.0775,-1.0775,shifted_+24h
15,2026-04-08T20:10:00+00:00,-80,1.2383,-1.2383,shifted_+24h
15,2026-04-08T20:10:00+00:00,-75,0.8201,-0.8201,shifted_+24h
15,2026-04-08T20:10:00+00:00,-70,0.7317,-0.7317,shifted_+24h
15,2026-04-08T20:10:00+00:00,-65,0.3538,-0.3538,shifted_+24h
15,2026-04-08T20:10:00+00:00,-60,0.4463,-0.4463,shifted_+24h
15,2026-04-08T20:10:00+00:00,-55,0.0121,-0.0121,shifted_+24h
15,2026-04-08T20:10:00+00:00,-50,0.4262,0.4262,shifted_+24h
15,2026-04-08T20:10:00+00:00,-45,0.579,0.579,shifted_+24h
15,2026-04-08T20:10:00+00:00,-40,0.0161,-0.0161,shifted_+24h
15,2026-04-08T20:10:00+00:00,-35,0.0241,-0.0241,shifted_+24h
15,2026-04-08T20:10:00+00:00,-30,0.201,0.201,shifted_+24h
15,2026-04-08T20:10:00+00:00,-25,0.2091,0.2091,shifted_+24h
15,2026-04-08T20:10:00+00:00,-20,0.1767,0.1767,shifted_+24h
15,2026-04-08T20:10:00+00:00,-15,0.0965,0.0965,shifted_+24h
15,2026-04-08T20:10:00+00:00,-10,0.0322,0.0322,shifted_+24h
15,2026-04-08T20:10:00+00:00,-5,0.1205,-0.1205,shifted_+24h
15,2026-04-08T20:10:00+00:00,0,0.0,0.0,shifted_+24h
15,2026-04-08T20:10:00+00:00,5,0.1476,0.1476,shifted_+24h
15,2026-04-08T20:10:00+00:00,10,0.0804,0.0804,shifted_+24h
15,2026-04-08T20:10:00+00:00,15,0.1126,-0.1126,shifted_+24h
15,2026-04-08T20:10:00+00:00,20,0.008,0.008,shifted_+24h
15,2026-04-08T20:10:00+00:00,25,0.0643,0.0643,shifted_+24h
15,2026-04-08T20:10:00+00:00,30,0.193,0.193,shifted_+24h
15,2026-04-08T20:10:00+00:00,35,0.0643,0.0643,shifted_+24h
15,2026-04-08T20:10:00+00:00,40,0.0985,0.0985,shifted_+24h
15,2026-04-08T20:10:00+00:00,45,0.1126,0.1126,shifted_+24h
15,2026-04-08T20:10:00+00:00,50,0.1929,0.1929,shifted_+24h
15,2026-04-08T20:10:00+00:00,55,0.4302,0.4302,shifted_+24h
15,2026-04-08T20:10:00+00:00,60,0.4342,0.4342,shifted_+24h
15,2026-04-08T20:10:00+00:00,65,0.394,0.394,shifted_+24h
15,2026-04-08T20:10:00+00:00,70,0.2572,0.2572,shifted_+24h
15,2026-04-08T20:10:00+00:00,75,0.386,0.386,shifted_+24h
15,2026-04-08T20:10:00+00:00,80,0.4744,0.4744,shifted_+24h
15,2026-04-08T20:10:00+00:00,85,0.6433,0.6433,shifted_+24h
15,2026-04-08T20:10:00+00:00,90,0.6031,0.6031,shifted_+24h
15,2026-04-08T20:10:00+00:00,95,0.6763,0.6763,shifted_+24h
15,2026-04-08T20:10:00+00:00,100,0.579,0.579,shifted_+24h
15,2026-04-08T20:10:00+00:00,105,0.5807,0.5807,shifted_+24h
15,2026-04-08T20:10:00+00:00,110,0.6956,0.6956,shifted_+24h
15,2026-04-08T20:10:00+00:00,115,0.6431,0.6431,shifted_+24h
15,2026-04-08T20:10:00+00:00,120,0.7638,0.7638,shifted_+24h
15,2026-04-08T20:10:00+00:00,125,1.1338,1.1338,shifted_+24h
15,2026-04-08T20:10:00+00:00,130,1.2705,1.2705,shifted_+24h
15,2026-04-08T20:10:00+00:00,135,1.2455,1.2455,shifted_+24h
15,2026-04-08T20:10:00+00:00,140,1.367,1.367,shifted_+24h
15,2026-04-08T20:10:00+00:00,145,1.0695,1.0695,shifted_+24h
15,2026-04-08T20:10:00+00:00,150,0.9408,0.9408,shifted_+24h
15,2026-04-08T20:10:00+00:00,155,0.7398,0.7398,shifted_+24h
15,2026-04-08T20:10:00+00:00,160,0.7157,0.7157,shifted_+24h
15,2026-04-08T20:10:00+00:00,165,0.8363,0.8363,shifted_+24h
15,2026-04-08T20:10:00+00:00,170,0.8363,0.8363,shifted_+24h
15,2026-04-08T20:10:00+00:00,175,0.5548,0.5548,shifted_+24h
15,2026-04-08T20:10:00+00:00,180,0.6594,0.6594,shifted_+24h
